[
{"fancyName":"Actor Prelude Sample","fileNameNoExt":"ActorPreludeSample","parts":["Piccolo", "Flutes", "Oboes", "English Horn", "Clarinets in Bb", "Bass Clarinet in Bb", "Bassoons", "1 2", "3 4", "Trumpets in C", "1 2", "3", "Tuba", "Timpani", "1", "2", "Harp", "Violin I", "Violin II", "Viola", "Violoncello", "Contrabass"]},
{"fancyName":"Amazing Grace","fileNameNoExt":"AmazingGrace","parts":["Voice", "Flute", "B Clarinet", "Alto Saxophone", "Tenor Saxophone", "B Trumpet", "Trombone", "C Tuba", "Timpani"]},
{"fancyName":"C Major Scale","fileNameNoExt":"CMajorKey","parts":["Clarinet in Bb"]},
{"fancyName":"Happy Birthday","fileNameNoExt":"HappyBirthday","parts":["B Clarinet"]},
{"fancyName":"The Hobbit Solo for Clarinet","fileNameNoExt":"The_Hobbit_The_Desolation_of_Smaug_Medley_for_Solo_Clarinet","parts":["Clarinet in B b"]},
{"fancyName":"The Hobbit Solo for Clarinet via Audiveris","fileNameNoExt":"HobbitViaAudiveris","parts":["Part_1"]},
{"fancyName":"The Star Spangled Banner","fileNameNoExt":"The_Star_Spangled_Banner_","parts":["Bass Clarinet"]},
{"fancyName":"Twinkle Twinkle Little Star","fileNameNoExt":"TwinkleTwinkleLittleStar","parts":["Bb Clarinet"]}
]