[
{"fancyName":"Actor Prelude Sample","fileNameNoExt":"ActorPreludeSample"},
{"fancyName":"Amazing Grace","fileNameNoExt":"AmazingGrace"},
{"fancyName":"C Major Scale","fileNameNoExt":"CMajorKey"},
{"fancyName":"Happy Birthday","fileNameNoExt":"HappyBirthday"},
{"fancyName":"The Hobbit Solo for Clarinet","fileNameNoExt":"The_Hobbit_The_Desolation_of_Smaug_Medley_for_Solo_Clarinet"},
{"fancyName":"The Hobbit Solo for Clarinet via Audiveris","fileNameNoExt":"HobbitViaAudiveris"},
{"fancyName":"The Star Spangled Banner","fileNameNoExt":"The_Star_Spangled_Banner_"},
{"fancyName":"Twinkle Twinkle Little Star","fileNameNoExt":"TwinkleTwinkleLittleStar"}
]