<?xml version="1.0" encoding="UTF-8"?>
<!DOCTYPE score-partwise PUBLIC "-//Recordare//DTD MusicXML 3.0 Partwise//EN" "http://www.musicxml.org/dtds/partwise.dtd">
<score-partwise version="3.0">
  <movement-title>Excerpt from Magnificat secundi toni</movement-title>
  <identification>
    <creator type="composer">Gilles Binchois</creator>
    <rights>Copyright © 2010 Recordare LLC</rights>
    <encoding>
      <software>Finale 2011 for Windows</software>
      <software>Dolet 6.0 for Finale</software>
      <encoding-date>2011-08-08</encoding-date>
      <supports attribute="new-system" element="print" type="yes" value="yes"/>
      <supports attribute="new-page" element="print" type="yes" value="yes"/>
    </encoding>
  </identification>
  <defaults>
    <scaling>
      <millimeters>5.7326</millimeters>
      <tenths>40</tenths>
    </scaling>
    <page-layout>
      <page-height>1950</page-height>
      <page-width>1506</page-width>
      <page-margins type="both">
        <left-margin>98</left-margin>
        <right-margin>84</right-margin>
        <top-margin>89</top-margin>
        <bottom-margin>89</bottom-margin>
      </page-margins>
    </page-layout>
    <system-layout>
      <system-margins>
        <left-margin>0</left-margin>
        <right-margin>0</right-margin>
      </system-margins>
      <system-distance>101</system-distance>
      <top-system-distance>101</top-system-distance>
    </system-layout>
    <staff-layout>
      <staff-distance>93</staff-distance>
    </staff-layout>
    <appearance>
      <line-width type="stem">0.957</line-width>
      <line-width type="beam">5</line-width>
      <line-width type="staff">1.25</line-width>
      <line-width type="light barline">1.4583</line-width>
      <line-width type="heavy barline">5</line-width>
      <line-width type="leger">1.875</line-width>
      <line-width type="ending">1.4583</line-width>
      <line-width type="wedge">0.9375</line-width>
      <line-width type="enclosure">1.4583</line-width>
      <line-width type="tuplet bracket">1.4583</line-width>
      <note-size type="grace">50</note-size>
      <note-size type="cue">50</note-size>
      <distance type="hyphen">60</distance>
      <distance type="beam">8</distance>
    </appearance>
    <music-font font-family="Maestro,engraved" font-size="16.25"/>
    <word-font font-family="Book Antiqua" font-size="9"/>
    <lyric-font font-family="Book Antiqua" font-size="9"/>
  </defaults>
  <credit page="1">
    <credit-words default-x="760" default-y="1727" font-size="14" justify="center" valign="top">Magnificat secundi toni</credit-words>
  </credit>
  <part-list>
    <part-group number="1" type="start">
      <group-barline>yes</group-barline>
    </part-group>
    <score-part id="P1">
      <part-name print-object="no">Cantus</part-name>
      <score-instrument id="P1-I5">
        <instrument-name>Cantus</instrument-name>
      </score-instrument>
      <midi-instrument id="P1-I5">
        <midi-channel>1</midi-channel>
        <midi-program>54</midi-program>
        <volume>80</volume>
        <pan>0</pan>
      </midi-instrument>
    </score-part>
    <score-part id="P2">
      <part-name print-object="no">Cantus 2 and Tenor</part-name>
      <score-instrument id="P2-I4">
        <instrument-name>Cantus 2</instrument-name>
      </score-instrument>
      <score-instrument id="P2-I3">
        <instrument-name>Tenor</instrument-name>
      </score-instrument>
      <midi-instrument id="P2-I4">
        <midi-channel>2</midi-channel>
        <midi-program>42</midi-program>
        <volume>80</volume>
        <pan>0</pan>
      </midi-instrument>
      <midi-instrument id="P2-I3">
        <midi-channel>3</midi-channel>
        <midi-program>43</midi-program>
        <volume>80</volume>
        <pan>0</pan>
      </midi-instrument>
    </score-part>
    <part-group number="1" type="stop"/>
  </part-list>
  <!--=========================================================-->
  <part id="P1">
    <measure number="1" width="199">
      <print>
        <system-layout>
          <top-system-distance>266</top-system-distance>
        </system-layout>
        <measure-numbering>none</measure-numbering>
      </print>
      <attributes>
        <divisions>8</divisions>
        <key>
          <fifths>-1</fifths>
          <mode>major</mode>
        </key>
        <clef>
          <sign>F</sign>
          <line>4</line>
        </clef>
      </attributes>
      <sound tempo="60"/>
      <direction placement="above">
        <direction-type>
          <words default-y="37" relative-x="-46">Chorus</words>
        </direction-type>
      </direction>
      <note default-x="70">
        <pitch>
          <step>C</step>
          <octave>4</octave>
        </pitch>
        <duration>8</duration>
        <voice>1</voice>
        <type>quarter</type>
        <stem>none</stem>
        <lyric default-y="-64" justify="left" number="1" relative-x="-18">
          <syllabic>begin</syllabic>
          <text>Ma</text>
        </lyric>
      </note>
      <note default-x="95">
        <pitch>
          <step>D</step>
          <octave>4</octave>
        </pitch>
        <duration>8</duration>
        <voice>1</voice>
        <type>quarter</type>
        <stem>none</stem>
        <lyric default-y="-64" justify="left" number="1" relative-x="-12">
          <syllabic>middle</syllabic>
          <text>gni</text>
        </lyric>
      </note>
      <note default-x="119">
        <pitch>
          <step>C</step>
          <octave>4</octave>
        </pitch>
        <duration>8</duration>
        <voice>1</voice>
        <type>quarter</type>
        <stem>none</stem>
        <notations>
          <slur number="1" placement="above" type="start"/>
        </notations>
        <lyric default-y="-64" justify="left" number="1">
          <syllabic>middle</syllabic>
          <text>fi</text>
        </lyric>
      </note>
      <note default-x="143">
        <pitch>
          <step>F</step>
          <octave>4</octave>
        </pitch>
        <duration>8</duration>
        <voice>1</voice>
        <type>quarter</type>
        <stem>none</stem>
        <notations>
          <slur number="1" type="stop"/>
        </notations>
      </note>
      <note default-x="170">
        <pitch>
          <step>F</step>
          <octave>4</octave>
        </pitch>
        <duration>8</duration>
        <voice>1</voice>
        <type>quarter</type>
        <stem>none</stem>
        <lyric default-y="-64" justify="left" number="1" relative-x="-6">
          <syllabic>end</syllabic>
          <text>cat</text>
        </lyric>
      </note>
    </measure>
    <!--=======================================================-->
    <measure number="2" width="192">
      <print new-system="no"/>
      <attributes>
        <time>
          <beats>3</beats>
          <beat-type>4</beat-type>
        </time>
      </attributes>
      <direction placement="above">
        <direction-type>
          <words default-y="22" relative-x="-84">(C.)</words>
        </direction-type>
      </direction>
      <note default-x="105">
        <rest/>
        <duration>8</duration>
        <voice>1</voice>
        <type>quarter</type>
      </note>
      <note default-x="134">
        <rest/>
        <duration>8</duration>
        <voice>1</voice>
        <type>quarter</type>
      </note>
      <note default-x="162">
        <pitch>
          <step>F</step>
          <octave>4</octave>
        </pitch>
        <duration>8</duration>
        <voice>1</voice>
        <type>quarter</type>
        <stem default-y="-20">down</stem>
        <lyric default-y="-64" justify="left" number="1">
          <syllabic>begin</syllabic>
          <text>A</text>
        </lyric>
      </note>
    </measure>
    <!--=======================================================-->
    <measure number="3" width="174">
      <print new-system="no"/>
      <note default-x="13">
        <pitch>
          <step>F</step>
          <octave>4</octave>
        </pitch>
        <duration>4</duration>
        <voice>1</voice>
        <type>eighth</type>
        <stem default-y="-20">down</stem>
        <lyric default-y="-64" justify="left" number="1">
          <syllabic>middle</syllabic>
          <text>ni</text>
        </lyric>
      </note>
      <note default-x="42">
        <pitch>
          <step>G</step>
          <octave>4</octave>
        </pitch>
        <duration>8</duration>
        <voice>1</voice>
        <type>quarter</type>
        <stem default-y="-20">down</stem>
        <lyric default-y="-64" justify="left" number="1" relative-x="-11">
          <syllabic>end</syllabic>
          <text>ma</text>
        </lyric>
      </note>
      <note default-x="85">
        <pitch>
          <step>E</step>
          <octave>4</octave>
        </pitch>
        <duration>4</duration>
        <voice>1</voice>
        <type>eighth</type>
        <stem default-y="-20">down</stem>
      </note>
      <note default-x="112">
        <pitch>
          <step>D</step>
          <octave>4</octave>
        </pitch>
        <duration>6</duration>
        <voice>1</voice>
        <type>eighth</type>
        <dot/>
        <stem default-y="-20">down</stem>
        <beam number="1">begin</beam>
        <lyric default-y="-64" justify="left" number="1">
          <syllabic>begin</syllabic>
          <text>me</text>
        </lyric>
      </note>
      <note default-x="152">
        <pitch>
          <step>C</step>
          <octave>4</octave>
        </pitch>
        <duration>2</duration>
        <voice>1</voice>
        <type>16th</type>
        <stem default-y="-24">down</stem>
        <beam number="1">end</beam>
        <beam number="2">backward hook</beam>
      </note>
    </measure>
    <!--=======================================================-->
    <measure number="4" width="142">
      <print new-system="no"/>
      <note default-x="13">
        <pitch>
          <step>C</step>
          <octave>4</octave>
        </pitch>
        <duration>8</duration>
        <voice>1</voice>
        <type>quarter</type>
        <stem default-y="-25">down</stem>
        <lyric default-y="-64" justify="left" number="1">
          <syllabic>end</syllabic>
          <text>a</text>
        </lyric>
      </note>
      <note default-x="44">
        <rest/>
        <duration>8</duration>
        <voice>1</voice>
        <type>quarter</type>
      </note>
      <note default-x="80">
        <pitch>
          <step>F</step>
          <octave>3</octave>
        </pitch>
        <duration>4</duration>
        <voice>1</voice>
        <type>eighth</type>
        <stem default-y="-39">down</stem>
        <beam number="1">begin</beam>
        <lyric default-y="-64" justify="left" number="1">
          <syllabic>begin</syllabic>
          <text>do</text>
        </lyric>
      </note>
      <note default-x="108">
        <pitch>
          <step>A</step>
          <octave>3</octave>
        </pitch>
        <duration>4</duration>
        <tie type="start"/>
        <voice>1</voice>
        <type>eighth</type>
        <stem default-y="-32.5">down</stem>
        <beam number="1">end</beam>
        <notations>
          <tied type="start"/>
        </notations>
      </note>
    </measure>
    <!--=======================================================-->
    <measure number="5" width="157">
      <print new-system="no"/>
      <note default-x="13">
        <pitch>
          <step>A</step>
          <octave>3</octave>
        </pitch>
        <duration>4</duration>
        <tie type="stop"/>
        <voice>1</voice>
        <type>eighth</type>
        <stem default-y="-40">down</stem>
        <beam number="1">begin</beam>
        <notations>
          <tied type="stop"/>
        </notations>
      </note>
      <note default-x="37">
        <pitch>
          <step>F</step>
          <octave>3</octave>
        </pitch>
        <duration>4</duration>
        <voice>1</voice>
        <type>eighth</type>
        <stem default-y="-40">down</stem>
        <beam number="1">continue</beam>
      </note>
      <note default-x="60">
        <pitch>
          <step>C</step>
          <octave>4</octave>
        </pitch>
        <duration>4</duration>
        <voice>1</voice>
        <type>eighth</type>
        <stem default-y="-40">down</stem>
        <beam number="1">continue</beam>
      </note>
      <note default-x="84">
        <pitch>
          <step>A</step>
          <octave>3</octave>
        </pitch>
        <duration>4</duration>
        <voice>1</voice>
        <type>eighth</type>
        <stem default-y="-40">down</stem>
        <beam number="1">end</beam>
      </note>
      <direction placement="above">
        <direction-type>
          <bracket default-y="10" line-end="down" line-type="solid" number="1" type="start"/>
        </direction-type>
      </direction>
      <note default-x="108">
        <pitch>
          <step>G</step>
          <octave>3</octave>
        </pitch>
        <duration>8</duration>
        <voice>1</voice>
        <type>quarter</type>
        <stem default-y="-40.5">down</stem>
      </note>
    </measure>
    <!--=======================================================-->
    <measure number="6" width="167">
      <print new-system="no"/>
      <note default-x="10">
        <pitch>
          <step>F</step>
          <octave>3</octave>
        </pitch>
        <duration>8</duration>
        <voice>1</voice>
        <type>quarter</type>
        <stem default-y="-45">down</stem>
      </note>
      <direction placement="above">
        <direction-type>
          <bracket default-y="6" line-end="down" number="1" type="stop"/>
        </direction-type>
        <offset>-6</offset>
      </direction>
      <note default-x="57">
        <rest/>
        <duration>4</duration>
        <voice>1</voice>
        <type>eighth</type>
      </note>
      <note default-x="83">
        <pitch>
          <step>F</step>
          <octave>4</octave>
        </pitch>
        <duration>4</duration>
        <voice>1</voice>
        <type>eighth</type>
        <stem default-y="-20">down</stem>
      </note>
      <note default-x="109">
        <pitch>
          <step>E</step>
          <octave>4</octave>
        </pitch>
        <duration>6</duration>
        <voice>1</voice>
        <type>eighth</type>
        <dot/>
        <stem default-y="-20">down</stem>
        <beam number="1">begin</beam>
      </note>
      <note default-x="145">
        <pitch>
          <step>D</step>
          <octave>4</octave>
        </pitch>
        <duration>2</duration>
        <voice>1</voice>
        <type>16th</type>
        <stem default-y="-24">down</stem>
        <beam number="1">end</beam>
        <beam number="2">backward hook</beam>
      </note>
    </measure>
    <!--=======================================================-->
    <measure number="7" width="221">
      <print new-system="no"/>
      <note default-x="12">
        <pitch>
          <step>F</step>
          <octave>4</octave>
        </pitch>
        <duration>4</duration>
        <voice>1</voice>
        <type>eighth</type>
        <stem default-y="-20">down</stem>
        <beam number="1">begin</beam>
      </note>
      <note default-x="32">
        <pitch>
          <step>E</step>
          <octave>4</octave>
        </pitch>
        <duration>4</duration>
        <tie type="start"/>
        <voice>1</voice>
        <type>eighth</type>
        <stem default-y="-24">down</stem>
        <beam number="1">end</beam>
        <notations>
          <tied type="start"/>
        </notations>
      </note>
      <note default-x="65">
        <pitch>
          <step>E</step>
          <octave>4</octave>
        </pitch>
        <duration>2</duration>
        <tie type="stop"/>
        <voice>1</voice>
        <type>16th</type>
        <stem default-y="-20">down</stem>
        <beam number="1">begin</beam>
        <beam number="2">begin</beam>
        <notations>
          <tied type="stop"/>
        </notations>
      </note>
      <note default-x="84">
        <pitch>
          <step>D</step>
          <octave>4</octave>
        </pitch>
        <duration>2</duration>
        <voice>1</voice>
        <type>16th</type>
        <stem default-y="-22">down</stem>
        <beam number="1">continue</beam>
        <beam number="2">end</beam>
      </note>
      <note default-x="105">
        <pitch>
          <step>D</step>
          <octave>4</octave>
        </pitch>
        <duration>4</duration>
        <voice>1</voice>
        <type>eighth</type>
        <stem default-y="-24">down</stem>
        <beam number="1">end</beam>
        <lyric default-y="-64" justify="left" number="1">
          <syllabic>middle</syllabic>
          <text>mi</text>
        </lyric>
      </note>
      <note default-x="149">
        <pitch>
          <step>C</step>
          <alter>1</alter>
          <octave>4</octave>
        </pitch>
        <duration>4</duration>
        <voice>1</voice>
        <type>eighth</type>
        <accidental parentheses="yes">sharp</accidental>
        <stem default-y="-30">down</stem>
        <beam number="1">begin</beam>
      </note>
      <note default-x="185">
        <pitch>
          <step>B</step>
          <octave>3</octave>
        </pitch>
        <duration>2</duration>
        <voice>1</voice>
        <type>16th</type>
        <accidental parentheses="yes">natural</accidental>
        <stem default-y="-30">down</stem>
        <beam number="1">continue</beam>
        <beam number="2">begin</beam>
      </note>
      <note default-x="202">
        <pitch>
          <step>C</step>
          <alter>1</alter>
          <octave>4</octave>
        </pitch>
        <duration>2</duration>
        <voice>1</voice>
        <type>16th</type>
        <stem default-y="-30">down</stem>
        <beam number="1">end</beam>
        <beam number="2">end</beam>
      </note>
    </measure>
    <!--=======================================================-->
    <measure number="8" width="74">
      <print new-system="no"/>
      <note default-x="16">
        <pitch>
          <step>D</step>
          <octave>4</octave>
        </pitch>
        <duration>24</duration>
        <voice>1</voice>
        <type>half</type>
        <dot/>
        <stem default-y="-20">down</stem>
        <lyric default-y="-64" justify="left" number="1" relative-x="-5">
          <syllabic>end</syllabic>
          <text>num.</text>
        </lyric>
      </note>
      <barline location="right">
        <bar-style>light-light</bar-style>
      </barline>
    </measure>
    <!--=======================================================-->
    <measure number="9" width="218">
      <print new-system="yes"/>
      <note default-x="74">
        <pitch>
          <step>D</step>
          <octave>4</octave>
        </pitch>
        <duration>8</duration>
        <voice>1</voice>
        <type>quarter</type>
        <stem default-y="-20">down</stem>
        <lyric default-y="-64" justify="left" number="1">
          <syllabic>single</syllabic>
          <text>Et</text>
        </lyric>
      </note>
      <note default-x="113">
        <pitch>
          <step>C</step>
          <octave>4</octave>
        </pitch>
        <duration>4</duration>
        <voice>1</voice>
        <type>eighth</type>
        <stem default-y="-24">down</stem>
        <beam number="1">begin</beam>
      </note>
      <note default-x="137">
        <pitch>
          <step>F</step>
          <octave>4</octave>
        </pitch>
        <duration>4</duration>
        <voice>1</voice>
        <type>eighth</type>
        <stem default-y="-23">down</stem>
        <beam number="1">continue</beam>
      </note>
      <note default-x="167">
        <pitch>
          <step>E</step>
          <octave>4</octave>
        </pitch>
        <duration>4</duration>
        <voice>1</voice>
        <type>eighth</type>
        <stem default-y="-21">down</stem>
        <beam number="1">continue</beam>
      </note>
      <note default-x="192">
        <pitch>
          <step>D</step>
          <octave>4</octave>
        </pitch>
        <duration>4</duration>
        <voice>1</voice>
        <type>eighth</type>
        <stem default-y="-19.5">down</stem>
        <beam number="1">end</beam>
      </note>
    </measure>
    <!--=======================================================-->
    <measure number="10" width="138">
      <print new-system="no"/>
      <note default-x="13">
        <pitch>
          <step>F</step>
          <octave>4</octave>
        </pitch>
        <duration>8</duration>
        <voice>1</voice>
        <type>quarter</type>
        <stem default-y="-20">down</stem>
        <lyric default-y="-64" justify="left" number="1">
          <syllabic>begin</syllabic>
          <text>ex</text>
        </lyric>
      </note>
      <note default-x="49">
        <pitch>
          <step>F</step>
          <octave>4</octave>
        </pitch>
        <duration>8</duration>
        <voice>1</voice>
        <type>quarter</type>
        <stem default-y="-20">down</stem>
        <lyric default-y="-64" justify="left" number="1">
          <syllabic>middle</syllabic>
          <text>ul</text>
        </lyric>
      </note>
      <note default-x="101">
        <pitch>
          <step>F</step>
          <octave>4</octave>
        </pitch>
        <duration>8</duration>
        <voice>1</voice>
        <type>quarter</type>
        <stem default-y="-20">down</stem>
        <lyric default-y="-64" justify="left" number="1">
          <syllabic>middle</syllabic>
          <text>ta</text>
        </lyric>
      </note>
    </measure>
    <!--=======================================================-->
    <measure number="11" width="133">
      <print new-system="no"/>
      <direction placement="below">
        <direction-type>
          <bracket default-y="-26" line-end="up" line-type="solid" number="1" relative-x="-7" type="start"/>
        </direction-type>
      </direction>
      <note default-x="14">
        <pitch>
          <step>F</step>
          <octave>4</octave>
        </pitch>
        <duration>8</duration>
        <voice>1</voice>
        <type>quarter</type>
        <stem default-y="-20">down</stem>
        <lyric default-y="-64" justify="left" number="1">
          <syllabic>end</syllabic>
          <text>vit</text>
        </lyric>
      </note>
      <direction placement="below">
        <direction-type>
          <bracket default-y="-29" line-end="up" number="1" type="stop"/>
        </direction-type>
        <offset>2</offset>
      </direction>
      <note default-x="50">
        <pitch>
          <step>E</step>
          <octave>4</octave>
        </pitch>
        <duration>8</duration>
        <voice>1</voice>
        <type>quarter</type>
        <stem default-y="-20">down</stem>
        <notations>
          <fermata default-x="-2" default-y="35" type="upright"/>
        </notations>
      </note>
      <note default-x="96">
        <rest/>
        <duration>8</duration>
        <voice>1</voice>
        <type>quarter</type>
      </note>
    </measure>
    <!--=======================================================-->
    <measure number="12" width="138">
      <print new-system="no"/>
      <note default-x="16">
        <pitch>
          <step>E</step>
          <octave>4</octave>
        </pitch>
        <duration>12</duration>
        <voice>1</voice>
        <type>quarter</type>
        <dot/>
        <stem default-y="-20">down</stem>
        <lyric default-y="-64" justify="left" number="1">
          <syllabic>begin</syllabic>
          <text>spi</text>
        </lyric>
      </note>
      <note default-x="64">
        <pitch>
          <step>D</step>
          <octave>4</octave>
        </pitch>
        <duration>4</duration>
        <voice>1</voice>
        <type>eighth</type>
        <stem default-y="-20">down</stem>
      </note>
      <note default-x="88">
        <pitch>
          <step>F</step>
          <octave>4</octave>
        </pitch>
        <duration>4</duration>
        <voice>1</voice>
        <type>eighth</type>
        <stem default-y="-19.5">down</stem>
        <beam number="1">begin</beam>
        <lyric default-y="-64" justify="left" number="1">
          <syllabic>middle</syllabic>
          <text>ri</text>
        </lyric>
      </note>
      <note default-x="114">
        <pitch>
          <step>E</step>
          <octave>4</octave>
        </pitch>
        <duration>4</duration>
        <voice>1</voice>
        <type>eighth</type>
        <stem default-y="-22">down</stem>
        <beam number="1">end</beam>
      </note>
    </measure>
    <!--=======================================================-->
    <measure number="13" width="168">
      <print new-system="no"/>
      <note default-x="13">
        <pitch>
          <step>C</step>
          <octave>4</octave>
        </pitch>
        <duration>4</duration>
        <voice>1</voice>
        <type>eighth</type>
        <stem default-y="-29.5">down</stem>
        <beam number="1">begin</beam>
      </note>
      <note default-x="37">
        <pitch>
          <step>B</step>
          <alter>-1</alter>
          <octave>3</octave>
        </pitch>
        <duration>2</duration>
        <voice>1</voice>
        <type>16th</type>
        <stem default-y="-29.5">down</stem>
        <beam number="1">continue</beam>
        <beam number="2">begin</beam>
      </note>
      <note default-x="58">
        <pitch>
          <step>C</step>
          <octave>4</octave>
        </pitch>
        <duration>2</duration>
        <voice>1</voice>
        <type>16th</type>
        <stem default-y="-29.5">down</stem>
        <beam number="1">end</beam>
        <beam number="2">end</beam>
      </note>
      <note default-x="83">
        <pitch>
          <step>D</step>
          <octave>4</octave>
        </pitch>
        <duration>12</duration>
        <voice>1</voice>
        <type>quarter</type>
        <dot/>
        <stem default-y="-20">down</stem>
        <lyric default-y="-64" justify="left" number="1">
          <syllabic>end</syllabic>
          <text>tus</text>
        </lyric>
      </note>
      <note default-x="135">
        <pitch>
          <step>C</step>
          <octave>4</octave>
        </pitch>
        <duration>4</duration>
        <voice>1</voice>
        <type>eighth</type>
        <stem default-y="-25">down</stem>
      </note>
    </measure>
    <!--=======================================================-->
    <measure number="14" width="132">
      <print new-system="no"/>
      <direction placement="above">
        <direction-type>
          <bracket default-y="12" line-end="down" line-type="solid" number="1" relative-x="-9" type="start"/>
        </direction-type>
      </direction>
      <note default-x="16">
        <pitch>
          <step>A</step>
          <octave>3</octave>
        </pitch>
        <duration>8</duration>
        <voice>1</voice>
        <type>quarter</type>
        <stem default-y="-35">down</stem>
        <lyric default-y="-64" justify="left" number="1">
          <syllabic>begin</syllabic>
          <text>me</text>
        </lyric>
      </note>
      <note default-x="49">
        <pitch>
          <step>B</step>
          <alter>-1</alter>
          <octave>3</octave>
        </pitch>
        <duration>12</duration>
        <voice>1</voice>
        <type>quarter</type>
        <dot/>
        <stem default-y="-30">down</stem>
      </note>
      <direction placement="above">
        <direction-type>
          <bracket default-y="18" line-end="down" number="1" type="stop"/>
        </direction-type>
        <offset>-6</offset>
      </direction>
      <note default-x="98">
        <pitch>
          <step>A</step>
          <octave>3</octave>
        </pitch>
        <duration>4</duration>
        <voice>1</voice>
        <type>eighth</type>
        <stem default-y="-35">down</stem>
      </note>
    </measure>
    <!--=======================================================-->
    <measure number="15" width="183">
      <print new-system="no"/>
      <note default-x="10">
        <pitch>
          <step>A</step>
          <octave>3</octave>
        </pitch>
        <duration>12</duration>
        <voice>1</voice>
        <type>quarter</type>
        <dot/>
        <stem default-y="-35">down</stem>
      </note>
      <note default-x="96">
        <pitch>
          <step>G</step>
          <octave>3</octave>
        </pitch>
        <duration>4</duration>
        <voice>1</voice>
        <type>eighth</type>
        <stem default-y="-40">down</stem>
      </note>
      <note default-x="124">
        <pitch>
          <step>G</step>
          <octave>3</octave>
        </pitch>
        <duration>4</duration>
        <voice>1</voice>
        <type>eighth</type>
        <stem default-y="-40">down</stem>
        <beam number="1">begin</beam>
      </note>
      <note default-x="147">
        <pitch>
          <step>F</step>
          <octave>3</octave>
        </pitch>
        <duration>4</duration>
        <voice>1</voice>
        <type>eighth</type>
        <stem default-y="-45.5">down</stem>
        <beam number="1">end</beam>
      </note>
    </measure>
    <!--=======================================================-->
    <measure number="16" width="93">
      <print new-system="no"/>
      <note default-x="13">
        <pitch>
          <step>A</step>
          <octave>3</octave>
        </pitch>
        <duration>16</duration>
        <voice>1</voice>
        <type>half</type>
        <stem default-y="-35">down</stem>
        <notations>
          <fermata default-x="-2" default-y="15" type="upright"/>
        </notations>
        <lyric default-y="-64" justify="left" number="1">
          <syllabic>end</syllabic>
          <text>us</text>
        </lyric>
      </note>
      <note default-x="58">
        <rest/>
        <duration>8</duration>
        <voice>1</voice>
        <type>quarter</type>
      </note>
    </measure>
    <!--=======================================================-->
    <measure number="17" width="122">
      <print new-system="no"/>
      <direction placement="above">
        <direction-type>
          <bracket default-y="30" line-end="down" line-type="solid" number="1" relative-x="-7" type="start"/>
        </direction-type>
      </direction>
      <note default-x="13">
        <pitch>
          <step>E</step>
          <octave>4</octave>
        </pitch>
        <duration>8</duration>
        <voice>1</voice>
        <type>quarter</type>
        <stem default-y="-20">down</stem>
        <lyric default-y="-64" justify="left" number="1">
          <syllabic>single</syllabic>
          <text>in</text>
        </lyric>
      </note>
      <direction placement="above">
        <direction-type>
          <bracket default-y="36" line-end="down" number="1" type="stop"/>
        </direction-type>
        <offset>5</offset>
      </direction>
      <note default-x="46">
        <pitch>
          <step>F</step>
          <octave>4</octave>
        </pitch>
        <duration>12</duration>
        <voice>1</voice>
        <type>quarter</type>
        <dot/>
        <stem default-y="-20">down</stem>
      </note>
      <note default-x="91">
        <pitch>
          <step>D</step>
          <octave>4</octave>
        </pitch>
        <duration>4</duration>
        <voice>1</voice>
        <type>eighth</type>
        <stem default-y="-20">down</stem>
      </note>
    </measure>
  </part>
  <!--=========================================================-->
  <part id="P2">
    <measure number="1" width="199">
      <print>
        <staff-layout number="1">
          <staff-distance>101</staff-distance>
        </staff-layout>
        <measure-numbering>none</measure-numbering>
      </print>
      <attributes>
        <divisions>8</divisions>
        <key>
          <fifths>-1</fifths>
          <mode>major</mode>
        </key>
        <instruments>2</instruments>
        <clef>
          <sign>F</sign>
          <line>4</line>
        </clef>
        <staff-details print-object="no" print-spacing="yes"/>
      </attributes>
      <sound tempo="60"/>
      <note>
        <rest measure="yes"/>
        <duration>40</duration>
        <voice>1</voice>
      </note>
    </measure>
    <!--=======================================================-->
    <measure number="2" width="192">
      <print new-system="no"/>
      <attributes>
        <time>
          <beats>3</beats>
          <beat-type>4</beat-type>
        </time>
      </attributes>
      <attributes>
        <staff-details print-object="yes"/>
      </attributes>
      <direction placement="above">
        <direction-type>
          <words default-y="19" relative-x="-85">(CT.)</words>
        </direction-type>
      </direction>
      <note default-x="105">
        <rest/>
        <duration>8</duration>
        <instrument id="P2-I4"/>
        <voice>1</voice>
        <type>quarter</type>
      </note>
      <note default-x="134">
        <rest/>
        <duration>8</duration>
        <instrument id="P2-I4"/>
        <voice>1</voice>
        <type>quarter</type>
      </note>
      <note default-x="162">
        <pitch>
          <step>F</step>
          <octave>3</octave>
        </pitch>
        <duration>8</duration>
        <instrument id="P2-I4"/>
        <voice>1</voice>
        <type>quarter</type>
        <stem default-y="-45">down</stem>
        <lyric default-y="-72" justify="left" number="1">
          <syllabic>begin</syllabic>
          <text>A</text>
        </lyric>
      </note>
      <backup>
        <duration>24</duration>
      </backup>
      <note default-x="105">
        <rest/>
        <duration>8</duration>
        <instrument id="P2-I3"/>
        <voice>2</voice>
        <type>quarter</type>
      </note>
      <note default-x="134">
        <rest/>
        <duration>8</duration>
        <instrument id="P2-I3"/>
        <voice>2</voice>
        <type>quarter</type>
      </note>
      <note default-x="162">
        <pitch>
          <step>F</step>
          <octave>3</octave>
        </pitch>
        <duration>8</duration>
        <instrument id="P2-I3"/>
        <voice>2</voice>
        <type>quarter</type>
        <stem default-y="-45">down</stem>
      </note>
    </measure>
    <!--=======================================================-->
    <measure number="3" width="174">
      <print new-system="no"/>
      <note default-x="13">
        <pitch>
          <step>D</step>
          <octave>3</octave>
        </pitch>
        <duration>4</duration>
        <instrument id="P2-I4"/>
        <voice>1</voice>
        <type>eighth</type>
        <stem default-y="12">up</stem>
        <beam number="1">begin</beam>
        <lyric default-y="-72" justify="left" number="1">
          <syllabic>middle</syllabic>
          <text>ni</text>
        </lyric>
      </note>
      <note default-x="42">
        <pitch>
          <step>C</step>
          <octave>3</octave>
        </pitch>
        <duration>4</duration>
        <instrument id="P2-I4"/>
        <voice>1</voice>
        <type>eighth</type>
        <stem default-y="10">up</stem>
        <beam number="1">end</beam>
      </note>
      <note default-x="66">
        <pitch>
          <step>E</step>
          <octave>3</octave>
        </pitch>
        <duration>8</duration>
        <instrument id="P2-I4"/>
        <voice>1</voice>
        <type>quarter</type>
        <stem default-y="-50">down</stem>
        <lyric default-y="-72" justify="left" number="1">
          <syllabic>end</syllabic>
          <text>ma</text>
        </lyric>
      </note>
      <note default-x="112">
        <pitch>
          <step>F</step>
          <octave>3</octave>
        </pitch>
        <duration>4</duration>
        <instrument id="P2-I4"/>
        <voice>1</voice>
        <type>eighth</type>
        <stem default-y="-42">down</stem>
        <beam number="1">begin</beam>
        <lyric default-y="-72" justify="left" number="1">
          <syllabic>begin</syllabic>
          <text>me</text>
        </lyric>
      </note>
      <note default-x="142">
        <pitch>
          <step>G</step>
          <octave>3</octave>
        </pitch>
        <duration>4</duration>
        <instrument id="P2-I4"/>
        <voice>1</voice>
        <type>eighth</type>
        <stem default-y="-39.5">down</stem>
        <beam number="1">end</beam>
      </note>
      <backup>
        <duration>24</duration>
      </backup>
      <note default-x="13">
        <pitch>
          <step>D</step>
          <octave>3</octave>
        </pitch>
        <duration>4</duration>
        <instrument id="P2-I3"/>
        <voice>2</voice>
        <type>eighth</type>
        <stem default-y="12">up</stem>
        <beam number="1">begin</beam>
      </note>
      <note default-x="42">
        <pitch>
          <step>C</step>
          <octave>3</octave>
        </pitch>
        <duration>4</duration>
        <instrument id="P2-I3"/>
        <voice>2</voice>
        <type>eighth</type>
        <stem default-y="10">up</stem>
        <beam number="1">end</beam>
      </note>
      <note default-x="66">
        <pitch>
          <step>E</step>
          <octave>3</octave>
        </pitch>
        <duration>8</duration>
        <instrument id="P2-I3"/>
        <voice>2</voice>
        <type>quarter</type>
        <stem default-y="-50">down</stem>
      </note>
      <note default-x="112">
        <pitch>
          <step>F</step>
          <octave>3</octave>
        </pitch>
        <duration>4</duration>
        <instrument id="P2-I3"/>
        <voice>2</voice>
        <type>eighth</type>
        <stem default-y="-42">down</stem>
        <beam number="1">begin</beam>
      </note>
      <note default-x="142">
        <pitch>
          <step>G</step>
          <octave>3</octave>
        </pitch>
        <duration>4</duration>
        <instrument id="P2-I3"/>
        <voice>2</voice>
        <type>eighth</type>
        <stem default-y="-39.5">down</stem>
        <beam number="1">end</beam>
      </note>
    </measure>
    <!--=======================================================-->
    <measure number="4" width="142">
      <print new-system="no"/>
      <note default-x="13">
        <pitch>
          <step>A</step>
          <octave>3</octave>
        </pitch>
        <duration>8</duration>
        <instrument id="P2-I4"/>
        <voice>1</voice>
        <type>quarter</type>
        <stem default-y="-35">down</stem>
      </note>
      <note default-x="43">
        <pitch>
          <step>F</step>
          <octave>3</octave>
        </pitch>
        <duration>4</duration>
        <instrument id="P2-I4"/>
        <voice>1</voice>
        <type>eighth</type>
        <stem default-y="-45">down</stem>
        <lyric default-y="-72" justify="left" number="1">
          <syllabic>end</syllabic>
          <text>a</text>
        </lyric>
      </note>
      <note default-x="68">
        <pitch>
          <step>A</step>
          <octave>3</octave>
        </pitch>
        <duration>8</duration>
        <instrument id="P2-I4"/>
        <voice>1</voice>
        <type>quarter</type>
        <stem default-y="-35">down</stem>
        <lyric default-y="-72" justify="left" number="1">
          <syllabic>begin</syllabic>
          <text>do</text>
        </lyric>
      </note>
      <note default-x="108">
        <pitch>
          <step>F</step>
          <octave>3</octave>
        </pitch>
        <duration>4</duration>
        <instrument id="P2-I4"/>
        <voice>1</voice>
        <type>eighth</type>
        <stem default-y="-45">down</stem>
      </note>
      <backup>
        <duration>24</duration>
      </backup>
      <note default-x="13">
        <pitch>
          <step>A</step>
          <octave>3</octave>
        </pitch>
        <duration>8</duration>
        <instrument id="P2-I3"/>
        <voice>2</voice>
        <type>quarter</type>
        <stem default-y="-35">down</stem>
      </note>
      <note default-x="43">
        <pitch>
          <step>F</step>
          <octave>3</octave>
        </pitch>
        <duration>4</duration>
        <instrument id="P2-I3"/>
        <voice>2</voice>
        <type>eighth</type>
        <stem default-y="-45">down</stem>
      </note>
      <note default-x="68">
        <pitch>
          <step>A</step>
          <octave>3</octave>
        </pitch>
        <duration>8</duration>
        <instrument id="P2-I3"/>
        <voice>2</voice>
        <type>quarter</type>
        <stem default-y="-35">down</stem>
      </note>
      <note default-x="108">
        <pitch>
          <step>F</step>
          <octave>3</octave>
        </pitch>
        <duration>4</duration>
        <instrument id="P2-I3"/>
        <voice>2</voice>
        <type>eighth</type>
        <stem default-y="-45">down</stem>
      </note>
    </measure>
    <!--=======================================================-->
    <measure number="5" width="157">
      <print new-system="no"/>
      <note default-x="13">
        <pitch>
          <step>C</step>
          <octave>4</octave>
        </pitch>
        <duration>4</duration>
        <instrument id="P2-I4"/>
        <voice>1</voice>
        <type>eighth</type>
        <stem default-y="-29.5">down</stem>
        <beam number="1">begin</beam>
      </note>
      <note default-x="37">
        <pitch>
          <step>A</step>
          <octave>3</octave>
        </pitch>
        <duration>4</duration>
        <instrument id="P2-I4"/>
        <voice>1</voice>
        <type>eighth</type>
        <stem default-y="-32">down</stem>
        <beam number="1">end</beam>
      </note>
      <note default-x="60">
        <pitch>
          <step>F</step>
          <octave>3</octave>
        </pitch>
        <duration>8</duration>
        <instrument id="P2-I4"/>
        <voice>1</voice>
        <type>quarter</type>
        <stem default-y="-45">down</stem>
      </note>
      <note default-x="108">
        <rest/>
        <duration>4</duration>
        <instrument id="P2-I4"/>
        <voice>1</voice>
        <type>eighth</type>
      </note>
      <note default-x="132">
        <pitch>
          <step>B</step>
          <alter>-1</alter>
          <octave>3</octave>
        </pitch>
        <duration>4</duration>
        <instrument id="P2-I4"/>
        <voice>1</voice>
        <type>eighth</type>
        <stem default-y="-30">down</stem>
      </note>
      <backup>
        <duration>24</duration>
      </backup>
      <note default-x="13">
        <pitch>
          <step>C</step>
          <octave>4</octave>
        </pitch>
        <duration>4</duration>
        <instrument id="P2-I3"/>
        <voice>2</voice>
        <type>eighth</type>
        <stem default-y="-29.5">down</stem>
        <beam number="1">begin</beam>
      </note>
      <note default-x="37">
        <pitch>
          <step>A</step>
          <octave>3</octave>
        </pitch>
        <duration>4</duration>
        <instrument id="P2-I3"/>
        <voice>2</voice>
        <type>eighth</type>
        <stem default-y="-32">down</stem>
        <beam number="1">end</beam>
      </note>
      <note default-x="60">
        <pitch>
          <step>F</step>
          <octave>3</octave>
        </pitch>
        <duration>8</duration>
        <instrument id="P2-I3"/>
        <voice>2</voice>
        <type>quarter</type>
        <stem default-y="-45">down</stem>
      </note>
      <note default-x="108">
        <rest/>
        <duration>4</duration>
        <instrument id="P2-I3"/>
        <voice>2</voice>
        <type>eighth</type>
      </note>
      <note default-x="132">
        <pitch>
          <step>B</step>
          <alter>-1</alter>
          <octave>3</octave>
        </pitch>
        <duration>4</duration>
        <instrument id="P2-I3"/>
        <voice>2</voice>
        <type>eighth</type>
        <stem default-y="-30">down</stem>
      </note>
    </measure>
    <!--=======================================================-->
    <measure number="6" width="167">
      <print new-system="no"/>
      <note default-x="10">
        <pitch>
          <step>A</step>
          <octave>3</octave>
        </pitch>
        <duration>4</duration>
        <instrument id="P2-I4"/>
        <voice>1</voice>
        <type>eighth</type>
        <stem default-y="-35">down</stem>
      </note>
      <note default-x="36">
        <pitch>
          <step>C</step>
          <octave>4</octave>
        </pitch>
        <duration>8</duration>
        <instrument id="P2-I4"/>
        <voice>1</voice>
        <type>quarter</type>
        <stem default-y="-25">down</stem>
      </note>
      <note default-x="83">
        <pitch>
          <step>A</step>
          <octave>3</octave>
        </pitch>
        <duration>4</duration>
        <instrument id="P2-I4"/>
        <voice>1</voice>
        <type>eighth</type>
        <stem default-y="-35">down</stem>
      </note>
      <note default-x="109">
        <pitch>
          <step>G</step>
          <octave>3</octave>
        </pitch>
        <duration>8</duration>
        <instrument id="P2-I4"/>
        <voice>1</voice>
        <type>quarter</type>
        <stem default-y="-40">down</stem>
      </note>
      <backup>
        <duration>24</duration>
      </backup>
      <note default-x="10">
        <pitch>
          <step>A</step>
          <octave>3</octave>
        </pitch>
        <duration>4</duration>
        <instrument id="P2-I3"/>
        <voice>2</voice>
        <type>eighth</type>
        <stem default-y="-35">down</stem>
      </note>
      <note default-x="36">
        <pitch>
          <step>C</step>
          <octave>4</octave>
        </pitch>
        <duration>8</duration>
        <instrument id="P2-I3"/>
        <voice>2</voice>
        <type>quarter</type>
        <stem default-y="-25">down</stem>
      </note>
      <note default-x="83">
        <pitch>
          <step>A</step>
          <octave>3</octave>
        </pitch>
        <duration>4</duration>
        <instrument id="P2-I3"/>
        <voice>2</voice>
        <type>eighth</type>
        <stem default-y="-35">down</stem>
      </note>
      <note default-x="109">
        <pitch>
          <step>G</step>
          <octave>3</octave>
        </pitch>
        <duration>8</duration>
        <instrument id="P2-I3"/>
        <voice>2</voice>
        <type>quarter</type>
        <stem default-y="-40">down</stem>
      </note>
    </measure>
    <!--=======================================================-->
    <measure number="7" width="221">
      <print new-system="no"/>
      <note default-x="12">
        <pitch>
          <step>F</step>
          <octave>3</octave>
        </pitch>
        <duration>4</duration>
        <instrument id="P2-I4"/>
        <voice>1</voice>
        <type>eighth</type>
        <stem default-y="-55">down</stem>
        <beam number="1">begin</beam>
      </note>
      <note default-x="32">
        <pitch>
          <step>C</step>
          <octave>3</octave>
        </pitch>
        <duration>4</duration>
        <instrument id="P2-I4"/>
        <voice>1</voice>
        <type>eighth</type>
        <stem default-y="-55">down</stem>
        <beam number="1">continue</beam>
        <lyric default-y="-72" justify="left" number="1">
          <syllabic>middle</syllabic>
          <text>mi</text>
        </lyric>
      </note>
      <note default-x="65">
        <pitch>
          <step>D</step>
          <octave>3</octave>
        </pitch>
        <duration>4</duration>
        <instrument id="P2-I4"/>
        <voice>1</voice>
        <type>eighth</type>
        <stem default-y="-55">down</stem>
        <beam number="1">continue</beam>
      </note>
      <note default-x="105">
        <pitch>
          <step>F</step>
          <octave>3</octave>
        </pitch>
        <duration>4</duration>
        <instrument id="P2-I4"/>
        <voice>1</voice>
        <type>eighth</type>
        <stem default-y="-55">down</stem>
        <beam number="1">end</beam>
      </note>
      <note default-x="149">
        <pitch>
          <step>E</step>
          <octave>3</octave>
        </pitch>
        <duration>8</duration>
        <instrument id="P2-I4"/>
        <voice>1</voice>
        <type>quarter</type>
        <stem default-y="-50">down</stem>
      </note>
      <backup>
        <duration>24</duration>
      </backup>
      <note default-x="12">
        <pitch>
          <step>F</step>
          <octave>3</octave>
        </pitch>
        <duration>4</duration>
        <instrument id="P2-I3"/>
        <voice>2</voice>
        <type>eighth</type>
        <stem default-y="-55">down</stem>
        <beam number="1">begin</beam>
      </note>
      <note default-x="32">
        <pitch>
          <step>C</step>
          <octave>3</octave>
        </pitch>
        <duration>4</duration>
        <instrument id="P2-I3"/>
        <voice>2</voice>
        <type>eighth</type>
        <stem default-y="-55">down</stem>
        <beam number="1">continue</beam>
      </note>
      <note default-x="65">
        <pitch>
          <step>D</step>
          <octave>3</octave>
        </pitch>
        <duration>4</duration>
        <instrument id="P2-I3"/>
        <voice>2</voice>
        <type>eighth</type>
        <stem default-y="-55">down</stem>
        <beam number="1">continue</beam>
      </note>
      <note default-x="105">
        <pitch>
          <step>F</step>
          <octave>3</octave>
        </pitch>
        <duration>4</duration>
        <instrument id="P2-I3"/>
        <voice>2</voice>
        <type>eighth</type>
        <stem default-y="-55">down</stem>
        <beam number="1">end</beam>
      </note>
      <note default-x="149">
        <pitch>
          <step>E</step>
          <octave>3</octave>
        </pitch>
        <duration>8</duration>
        <instrument id="P2-I3"/>
        <voice>2</voice>
        <type>quarter</type>
        <stem default-y="-50">down</stem>
      </note>
    </measure>
    <!--=======================================================-->
    <measure number="8" width="74">
      <print new-system="no"/>
      <note default-x="16">
        <pitch>
          <step>D</step>
          <octave>3</octave>
        </pitch>
        <duration>24</duration>
        <instrument id="P2-I4"/>
        <voice>1</voice>
        <type>half</type>
        <dot/>
        <stem default-y="-55">down</stem>
        <lyric default-y="-72" justify="left" number="1" relative-x="-5">
          <syllabic>end</syllabic>
          <text>num.</text>
        </lyric>
      </note>
      <backup>
        <duration>24</duration>
      </backup>
      <note default-x="16">
        <pitch>
          <step>D</step>
          <octave>3</octave>
        </pitch>
        <duration>24</duration>
        <instrument id="P2-I3"/>
        <voice>2</voice>
        <type>half</type>
        <dot/>
        <stem default-y="-55">down</stem>
      </note>
      <barline location="right">
        <bar-style>light-light</bar-style>
      </barline>
    </measure>
    <!--=======================================================-->
    <measure number="9" width="218">
      <print new-system="yes">
        <staff-layout number="1">
          <staff-distance>101</staff-distance>
        </staff-layout>
      </print>
      <direction placement="above">
        <direction-type>
          <words default-y="36" relative-x="-43">CT.(instr.)</words>
        </direction-type>
      </direction>
      <direction placement="below">
        <direction-type>
          <words default-y="-70" relative-x="-46">T.(instr.)</words>
        </direction-type>
      </direction>
      <note default-x="74">
        <pitch>
          <step>A</step>
          <octave>3</octave>
        </pitch>
        <duration>12</duration>
        <instrument id="P2-I4"/>
        <voice>1</voice>
        <type>quarter</type>
        <dot/>
        <stem default-y="31">up</stem>
      </note>
      <note default-x="138">
        <pitch>
          <step>F</step>
          <octave>3</octave>
        </pitch>
        <duration>4</duration>
        <instrument id="P2-I4"/>
        <voice>1</voice>
        <type>eighth</type>
        <stem default-y="26">up</stem>
      </note>
      <note default-x="167">
        <pitch>
          <step>B</step>
          <alter>-1</alter>
          <octave>3</octave>
        </pitch>
        <duration>8</duration>
        <instrument id="P2-I4"/>
        <voice>1</voice>
        <type>quarter</type>
        <stem default-y="35.5">up</stem>
      </note>
      <backup>
        <duration>24</duration>
      </backup>
      <note default-x="74">
        <pitch>
          <step>D</step>
          <octave>3</octave>
        </pitch>
        <duration>8</duration>
        <instrument id="P2-I3"/>
        <voice>2</voice>
        <type>quarter</type>
        <stem default-y="-55">down</stem>
      </note>
      <note default-x="113">
        <pitch>
          <step>F</step>
          <octave>3</octave>
        </pitch>
        <duration>4</duration>
        <instrument id="P2-I3"/>
        <voice>2</voice>
        <type>eighth</type>
        <stem default-y="-42">down</stem>
        <beam number="1">begin</beam>
      </note>
      <note default-x="136">
        <pitch>
          <step>A</step>
          <octave>3</octave>
        </pitch>
        <duration>4</duration>
        <instrument id="P2-I3"/>
        <voice>2</voice>
        <type>eighth</type>
        <stem default-y="-34">down</stem>
        <beam number="1">end</beam>
      </note>
      <note default-x="167">
        <pitch>
          <step>G</step>
          <octave>3</octave>
        </pitch>
        <duration>8</duration>
        <instrument id="P2-I3"/>
        <voice>2</voice>
        <type>quarter</type>
        <stem default-y="-40">down</stem>
      </note>
    </measure>
    <!--=======================================================-->
    <measure number="10" width="138">
      <print new-system="no"/>
      <note default-x="13">
        <pitch>
          <step>C</step>
          <octave>4</octave>
        </pitch>
        <duration>8</duration>
        <instrument id="P2-I4"/>
        <voice>1</voice>
        <type>quarter</type>
        <stem default-y="40.5">up</stem>
      </note>
      <note default-x="49">
        <pitch>
          <step>A</step>
          <octave>3</octave>
        </pitch>
        <duration>4</duration>
        <instrument id="P2-I4"/>
        <voice>1</voice>
        <type>eighth</type>
        <stem default-y="30">up</stem>
        <beam number="1">begin</beam>
      </note>
      <note default-x="71">
        <pitch>
          <step>G</step>
          <octave>3</octave>
        </pitch>
        <duration>4</duration>
        <instrument id="P2-I4"/>
        <voice>1</voice>
        <type>eighth</type>
        <stem default-y="30">up</stem>
        <beam number="1">end</beam>
      </note>
      <note default-x="101">
        <pitch>
          <step>B</step>
          <alter>-1</alter>
          <octave>3</octave>
        </pitch>
        <duration>8</duration>
        <instrument id="P2-I4"/>
        <voice>1</voice>
        <type>quarter</type>
        <stem default-y="35.5">up</stem>
      </note>
      <backup>
        <duration>24</duration>
      </backup>
      <note default-x="13">
        <pitch>
          <step>F</step>
          <octave>3</octave>
        </pitch>
        <duration>8</duration>
        <instrument id="P2-I3"/>
        <voice>2</voice>
        <type>quarter</type>
        <stem default-y="-45">down</stem>
      </note>
      <note default-x="49">
        <pitch>
          <step>F</step>
          <octave>3</octave>
        </pitch>
        <duration>4</duration>
        <instrument id="P2-I3"/>
        <voice>2</voice>
        <type>eighth</type>
        <stem default-y="-41.5">down</stem>
        <beam number="1">begin</beam>
      </note>
      <note default-x="83">
        <pitch>
          <step>F</step>
          <octave>3</octave>
        </pitch>
        <duration>4</duration>
        <instrument id="P2-I3"/>
        <voice>2</voice>
        <type>eighth</type>
        <stem default-y="-41.5">down</stem>
        <beam number="1">end</beam>
      </note>
      <note default-x="101">
        <pitch>
          <step>D</step>
          <octave>3</octave>
        </pitch>
        <duration>8</duration>
        <instrument id="P2-I3"/>
        <voice>2</voice>
        <type>quarter</type>
        <stem default-y="-55">down</stem>
      </note>
    </measure>
    <!--=======================================================-->
    <measure number="11" width="133">
      <print new-system="no"/>
      <note default-x="14">
        <pitch>
          <step>B</step>
          <alter>-1</alter>
          <octave>3</octave>
        </pitch>
        <duration>8</duration>
        <instrument id="P2-I4"/>
        <voice>1</voice>
        <type>quarter</type>
        <stem default-y="35.5">up</stem>
      </note>
      <note default-x="50">
        <pitch>
          <step>C</step>
          <octave>4</octave>
        </pitch>
        <duration>4</duration>
        <instrument id="P2-I4"/>
        <voice>1</voice>
        <type>eighth</type>
        <stem default-y="42">up</stem>
        <beam number="1">begin</beam>
      </note>
      <note default-x="73">
        <pitch>
          <step>B</step>
          <alter>-1</alter>
          <octave>3</octave>
        </pitch>
        <duration>4</duration>
        <instrument id="P2-I4"/>
        <voice>1</voice>
        <type>eighth</type>
        <stem default-y="40">up</stem>
        <beam number="1">end</beam>
      </note>
      <note default-x="96">
        <pitch>
          <step>G</step>
          <octave>3</octave>
        </pitch>
        <duration>8</duration>
        <instrument id="P2-I4"/>
        <voice>1</voice>
        <type>quarter</type>
        <stem default-y="28">up</stem>
        <notations>
          <fermata default-x="-2" default-y="38" type="upright"/>
        </notations>
      </note>
      <backup>
        <duration>24</duration>
      </backup>
      <note default-x="14">
        <pitch>
          <step>D</step>
          <octave>3</octave>
        </pitch>
        <duration>8</duration>
        <instrument id="P2-I3"/>
        <voice>2</voice>
        <type>quarter</type>
        <stem default-y="-55">down</stem>
      </note>
      <note default-x="50">
        <pitch>
          <step>C</step>
          <octave>3</octave>
        </pitch>
        <duration>16</duration>
        <instrument id="P2-I3"/>
        <voice>2</voice>
        <type>half</type>
        <stem default-y="-57.5">down</stem>
        <notations>
          <fermata default-x="-2" default-y="-67" type="inverted"/>
        </notations>
      </note>
    </measure>
    <!--=======================================================-->
    <measure number="12" width="138">
      <print new-system="no"/>
      <note default-x="18">
        <pitch>
          <step>C</step>
          <octave>3</octave>
        </pitch>
        <duration>16</duration>
        <instrument id="P2-I4"/>
        <voice>1</voice>
        <type>half</type>
        <stem default-y="10">up</stem>
      </note>
      <note default-x="91">
        <pitch>
          <step>B</step>
          <alter>-1</alter>
          <octave>2</octave>
        </pitch>
        <duration>8</duration>
        <instrument id="P2-I4"/>
        <voice>1</voice>
        <type>quarter</type>
        <stem default-y="5">up</stem>
      </note>
      <backup>
        <duration>24</duration>
      </backup>
      <note default-x="16">
        <pitch>
          <step>G</step>
          <octave>3</octave>
        </pitch>
        <duration>12</duration>
        <instrument id="P2-I3"/>
        <voice>2</voice>
        <type>quarter</type>
        <dot/>
        <stem default-y="-40">down</stem>
      </note>
      <note default-x="64">
        <pitch>
          <step>F</step>
          <octave>3</octave>
        </pitch>
        <duration>4</duration>
        <instrument id="P2-I3"/>
        <voice>2</voice>
        <type>eighth</type>
        <stem default-y="-45">down</stem>
      </note>
      <note default-x="88">
        <pitch>
          <step>D</step>
          <octave>3</octave>
        </pitch>
        <duration>8</duration>
        <instrument id="P2-I3"/>
        <voice>2</voice>
        <type>quarter</type>
        <stem default-y="-55">down</stem>
      </note>
    </measure>
    <!--=======================================================-->
    <measure number="13" width="168">
      <print new-system="no"/>
      <direction placement="below">
        <direction-type>
          <bracket default-y="-55" line-end="up" line-type="solid" number="1" relative-x="-6" type="start"/>
        </direction-type>
      </direction>
      <direction placement="above">
        <direction-type>
          <bracket default-y="21" line-end="down" line-type="solid" number="2" type="start"/>
        </direction-type>
        <offset>1</offset>
      </direction>
      <note default-x="15">
        <pitch>
          <step>A</step>
          <octave>2</octave>
        </pitch>
        <duration>8</duration>
        <instrument id="P2-I4"/>
        <voice>1</voice>
        <type>quarter</type>
        <stem default-y="0.5">up</stem>
      </note>
      <direction placement="below">
        <direction-type>
          <bracket default-y="-61" line-end="up" number="1" type="stop"/>
        </direction-type>
        <offset>2</offset>
      </direction>
      <direction placement="above">
        <direction-type>
          <bracket default-y="39" line-end="down" number="2" type="stop"/>
        </direction-type>
        <offset>3</offset>
      </direction>
      <note default-x="83">
        <pitch>
          <step>A</step>
          <octave>3</octave>
        </pitch>
        <duration>12</duration>
        <instrument id="P2-I4"/>
        <voice>1</voice>
        <type>quarter</type>
        <dot/>
        <stem default-y="30.5">up</stem>
      </note>
      <note default-x="135">
        <pitch>
          <step>F</step>
          <octave>3</octave>
        </pitch>
        <duration>4</duration>
        <instrument id="P2-I4"/>
        <voice>1</voice>
        <type>eighth</type>
        <stem default-y="26">up</stem>
      </note>
      <backup>
        <duration>24</duration>
      </backup>
      <note default-x="13">
        <pitch>
          <step>E</step>
          <octave>3</octave>
        </pitch>
        <duration>8</duration>
        <instrument id="P2-I3"/>
        <voice>2</voice>
        <type>quarter</type>
        <stem default-y="-50">down</stem>
      </note>
      <note default-x="83">
        <pitch>
          <step>D</step>
          <octave>3</octave>
        </pitch>
        <duration>16</duration>
        <instrument id="P2-I3"/>
        <voice>2</voice>
        <type>half</type>
        <stem default-y="-55">down</stem>
      </note>
    </measure>
    <!--=======================================================-->
    <measure number="14" width="132">
      <print new-system="no"/>
      <direction placement="below">
        <direction-type>
          <bracket default-y="-60" line-end="up" line-type="solid" number="1" relative-x="-9" type="start"/>
        </direction-type>
      </direction>
      <note default-x="16">
        <pitch>
          <step>F</step>
          <octave>3</octave>
        </pitch>
        <duration>8</duration>
        <instrument id="P2-I4"/>
        <voice>1</voice>
        <type>quarter</type>
        <stem default-y="21">up</stem>
      </note>
      <note default-x="49">
        <rest/>
        <duration>8</duration>
        <instrument id="P2-I4"/>
        <voice>1</voice>
        <type>quarter</type>
      </note>
      <note default-x="77">
        <pitch>
          <step>E</step>
          <octave>3</octave>
        </pitch>
        <duration>4</duration>
        <instrument id="P2-I4"/>
        <voice>1</voice>
        <type>eighth</type>
        <stem default-y="18">up</stem>
        <beam number="1">begin</beam>
      </note>
      <note default-x="98">
        <pitch>
          <step>E</step>
          <octave>3</octave>
        </pitch>
        <duration>4</duration>
        <tie type="start"/>
        <instrument id="P2-I4"/>
        <voice>1</voice>
        <type>eighth</type>
        <stem default-y="18">up</stem>
        <beam number="1">end</beam>
        <notations>
          <tied orientation="over" type="start"/>
        </notations>
      </note>
      <backup>
        <duration>24</duration>
      </backup>
      <note default-x="16">
        <pitch>
          <step>D</step>
          <octave>3</octave>
        </pitch>
        <duration>16</duration>
        <instrument id="P2-I3"/>
        <voice>2</voice>
        <type>half</type>
        <stem default-y="-55">down</stem>
      </note>
      <note default-x="77">
        <pitch>
          <step>C</step>
          <octave>3</octave>
        </pitch>
        <duration>8</duration>
        <tie type="start"/>
        <instrument id="P2-I3"/>
        <voice>2</voice>
        <type>quarter</type>
        <stem default-y="-57.5">down</stem>
        <notations>
          <tied orientation="under" type="start"/>
        </notations>
      </note>
    </measure>
    <!--=======================================================-->
    <measure number="15" width="183">
      <print new-system="no"/>
      <note default-x="10">
        <pitch>
          <step>E</step>
          <octave>3</octave>
        </pitch>
        <duration>4</duration>
        <tie type="stop"/>
        <instrument id="P2-I4"/>
        <voice>1</voice>
        <type>eighth</type>
        <stem default-y="18">up</stem>
        <beam number="1">begin</beam>
        <notations>
          <tied type="stop"/>
        </notations>
      </note>
      <note default-x="38">
        <pitch>
          <step>F</step>
          <octave>3</octave>
        </pitch>
        <duration>4</duration>
        <instrument id="P2-I4"/>
        <voice>1</voice>
        <type>eighth</type>
        <stem default-y="20">up</stem>
        <beam number="1">end</beam>
      </note>
      <direction placement="below">
        <direction-type>
          <bracket default-y="-67" line-end="up" number="1" type="stop"/>
        </direction-type>
        <offset>1</offset>
      </direction>
      <note default-x="66">
        <pitch>
          <step>D</step>
          <octave>3</octave>
        </pitch>
        <duration>4</duration>
        <instrument id="P2-I4"/>
        <voice>1</voice>
        <type>eighth</type>
        <stem default-y="15">up</stem>
      </note>
      <note default-x="96">
        <pitch>
          <step>D</step>
          <octave>3</octave>
        </pitch>
        <duration>8</duration>
        <instrument id="P2-I4"/>
        <voice>1</voice>
        <type>quarter</type>
        <stem default-y="15">up</stem>
      </note>
      <note default-x="147">
        <pitch>
          <step>C</step>
          <octave>3</octave>
        </pitch>
        <duration>4</duration>
        <instrument id="P2-I4"/>
        <voice>1</voice>
        <type>eighth</type>
        <stem default-y="10">up</stem>
      </note>
      <backup>
        <duration>24</duration>
      </backup>
      <note default-x="10">
        <pitch>
          <step>C</step>
          <octave>3</octave>
        </pitch>
        <duration>8</duration>
        <tie type="stop"/>
        <instrument id="P2-I3"/>
        <voice>2</voice>
        <type>quarter</type>
        <stem default-y="-57.5">down</stem>
        <notations>
          <tied type="stop"/>
        </notations>
      </note>
      <note default-x="66">
        <pitch>
          <step>B</step>
          <alter>-1</alter>
          <octave>2</octave>
        </pitch>
        <duration>16</duration>
        <instrument id="P2-I3"/>
        <voice>2</voice>
        <type>half</type>
        <stem default-y="-60">down</stem>
      </note>
    </measure>
    <!--=======================================================-->
    <measure number="16" width="93">
      <print new-system="no"/>
      <note default-x="13">
        <pitch>
          <step>E</step>
          <octave>3</octave>
        </pitch>
        <duration>16</duration>
        <instrument id="P2-I4"/>
        <voice>1</voice>
        <type>half</type>
        <stem default-y="18">up</stem>
        <notations>
          <fermata default-x="-2" default-y="28" type="upright"/>
        </notations>
      </note>
      <note default-x="58">
        <rest/>
        <duration>8</duration>
        <instrument id="P2-I4"/>
        <voice>1</voice>
        <type>quarter</type>
      </note>
      <backup>
        <duration>24</duration>
      </backup>
      <note default-x="13">
        <pitch>
          <step>A</step>
          <octave>2</octave>
        </pitch>
        <duration>16</duration>
        <instrument id="P2-I3"/>
        <voice>2</voice>
        <type>half</type>
        <stem default-y="-62">down</stem>
        <notations>
          <fermata default-x="-2" default-y="-72" type="inverted"/>
        </notations>
      </note>
      <note default-x="58">
        <rest/>
        <duration>8</duration>
        <instrument id="P2-I3"/>
        <voice>2</voice>
        <type>quarter</type>
      </note>
    </measure>
    <!--=======================================================-->
    <measure number="17" width="122">
      <print new-system="no"/>
      <direction placement="above">
        <direction-type>
          <bracket default-y="19" line-end="down" line-type="solid" number="1" type="start"/>
        </direction-type>
      </direction>
      <note default-x="16">
        <pitch>
          <step>A</step>
          <octave>2</octave>
        </pitch>
        <duration>8</duration>
        <instrument id="P2-I4"/>
        <voice>1</voice>
        <type>quarter</type>
        <stem default-y="0.5">up</stem>
      </note>
      <note default-x="46">
        <pitch>
          <step>A</step>
          <octave>3</octave>
        </pitch>
        <duration>12</duration>
        <instrument id="P2-I4"/>
        <voice>1</voice>
        <type>quarter</type>
        <dot/>
        <stem default-y="30.5">up</stem>
      </note>
      <direction placement="above">
        <direction-type>
          <bracket default-y="39" line-end="down" number="1" type="stop"/>
        </direction-type>
        <offset>-5</offset>
      </direction>
      <note default-x="91">
        <pitch>
          <step>F</step>
          <octave>3</octave>
        </pitch>
        <duration>4</duration>
        <instrument id="P2-I4"/>
        <voice>1</voice>
        <type>eighth</type>
        <stem default-y="24.5">up</stem>
      </note>
      <backup>
        <duration>24</duration>
      </backup>
      <note default-x="13">
        <pitch>
          <step>C</step>
          <octave>3</octave>
        </pitch>
        <duration>8</duration>
        <instrument id="P2-I3"/>
        <voice>2</voice>
        <type>quarter</type>
        <stem default-y="-57.5">down</stem>
      </note>
      <note default-x="46">
        <pitch>
          <step>D</step>
          <octave>3</octave>
        </pitch>
        <duration>16</duration>
        <instrument id="P2-I3"/>
        <voice>2</voice>
        <type>half</type>
        <stem default-y="-55">down</stem>
      </note>
    </measure>
  </part>
  <!--=========================================================-->
</score-partwise>
