<?xml version="1.0" encoding="UTF-8"?>
<!DOCTYPE score-partwise PUBLIC "-//Recordare//DTD MusicXML 3.0 Partwise//EN" "http://www.musicxml.org/dtds/partwise.dtd">
<score-partwise version="3.0">
  <movement-title>越後獅子</movement-title>
  <identification>
    <creator type="arranger">Y. Nagai</creator>
    <creator type="arranger">K. Kobatake</creator>
    <rights>Transcription donated to the public domain, 2005 by Tom Potter</rights>
    <encoding>
      <software>Finale 2011 for Windows</software>
      <software>Dolet 6.0 for Finale</software>
      <encoding-date>2011-08-08</encoding-date>
      <supports attribute="new-system" element="print" type="yes" value="yes"/>
      <supports attribute="new-page" element="print" type="yes" value="yes"/>
    </encoding>
  </identification>
  <defaults>
    <scaling>
      <millimeters>7.2319</millimeters>
      <tenths>40</tenths>
    </scaling>
    <page-layout>
      <page-height>1545</page-height>
      <page-width>1194</page-width>
      <page-margins type="both">
        <left-margin>105</left-margin>
        <right-margin>70</right-margin>
        <top-margin>10</top-margin>
        <bottom-margin>70</bottom-margin>
      </page-margins>
    </page-layout>
    <system-layout>
      <system-margins>
        <left-margin>10</left-margin>
        <right-margin>0</right-margin>
      </system-margins>
      <system-distance>93</system-distance>
      <top-system-distance>93</top-system-distance>
    </system-layout>
    <appearance>
      <line-width type="stem">1.4583</line-width>
      <line-width type="beam">5</line-width>
      <line-width type="staff">1.4583</line-width>
      <line-width type="light barline">1.4583</line-width>
      <line-width type="heavy barline">5</line-width>
      <line-width type="leger">1.4583</line-width>
      <line-width type="ending">1.4583</line-width>
      <line-width type="wedge">1.4583</line-width>
      <line-width type="enclosure">1.4583</line-width>
      <line-width type="tuplet bracket">1.4583</line-width>
      <note-size type="grace">60</note-size>
      <note-size type="cue">60</note-size>
      <distance type="hyphen">60</distance>
      <distance type="beam">8</distance>
    </appearance>
    <music-font font-family="Maestro,engraved" font-size="20.5"/>
    <word-font font-family="Times New Roman" font-size="10.25"/>
    <lyric-font font-family="ＭＳ ゴシック" font-size="10.25"/>
    <lyric-language xml:lang="ja"/>	
  </defaults>
  <credit page="1">
    <credit-type>title</credit-type>
    <credit-words default-x="607" default-y="1443" font-family="ＭＳ ゴシック" font-size="24" font-weight="bold" justify="center" valign="top" xml:lang="ja">越後獅子</credit-words>
  </credit>
  <credit page="1">
    <credit-type>arranger</credit-type>
    <credit-words default-x="1124" default-y="1345" font-size="12" font-weight="bold" justify="right" valign="top">Arr. Y. Nagai , K. Kobatake</credit-words>
  </credit>
  <credit page="1">
    <credit-type>rights</credit-type>
    <credit-words default-x="602" default-y="73" font-size="9" halign="center" valign="bottom">Transcription donated to the public domain, 2005 by Tom Potter</credit-words>
  </credit>
  <credit page="1">
    <credit-words default-x="129" default-y="244" font-size="11" valign="top" xml:space="preserve">Source: "Japanese Popular Music: a collection of the popular music of Japan rendered in to the 
staff notation", by Y. Nagai and K. Kobatake, 2nd ed., Osaka, S. Miki &amp; Co., 1892, pp. 96-97.

Transcribed into Finale music notation by Tom Potter, 2005.  See http://www.daisyfield.com/music/
Lyrics added by Karen Tanaka and Michael Good, 2006. See http://www.recordare.com/</credit-words>
  </credit>
  <credit page="1">
    <credit-words default-x="607" default-y="1395" font-size="24" font-weight="bold" halign="center" valign="top">Echigo-Jishi</credit-words>
  </credit>
  <part-list>
    <score-part id="P1">
      <part-name print-object="no">MusicXML Part</part-name>
      <score-instrument id="P1-I2">
        <instrument-name>Koto</instrument-name>
      </score-instrument>
      <midi-instrument id="P1-I2">
        <midi-channel>1</midi-channel>
        <midi-program>108</midi-program>
        <volume>80</volume>
        <pan>0</pan>
      </midi-instrument>
    </score-part>
  </part-list>
  <!--=========================================================-->
  <part id="P1">
    <measure number="1" width="225">
      <print>
        <system-layout>
          <system-margins>
            <left-margin>69</left-margin>
            <right-margin>0</right-margin>
          </system-margins>
          <top-system-distance>265</top-system-distance>
        </system-layout>
        <measure-numbering>system</measure-numbering>
      </print>
      <attributes>
        <divisions>8</divisions>
        <key>
          <fifths>0</fifths>
          <mode>major</mode>
        </key>
        <time>
          <beats>2</beats>
          <beat-type>4</beat-type>
        </time>
        <clef>
          <sign>G</sign>
          <line>2</line>
        </clef>
      </attributes>
      <direction directive="yes" placement="above">
        <direction-type>
          <words default-y="23" font-size="12" font-weight="bold">Allegro</words>
        </direction-type>
        <sound tempo="92"/>
      </direction>
      <direction placement="below">
        <direction-type>
          <dynamics default-x="76" default-y="-67" halign="center">
            <f/>
          </dynamics>
        </direction-type>
        <sound dynamics="98"/>
      </direction>
      <note default-x="80">
        <pitch>
          <step>A</step>
          <octave>4</octave>
        </pitch>
        <duration>4</duration>
        <voice>1</voice>
        <type>eighth</type>
        <stem default-y="13">up</stem>
        <beam number="1">begin</beam>
      </note>
      <note default-x="116">
        <pitch>
          <step>A</step>
          <octave>4</octave>
        </pitch>
        <duration>4</duration>
        <voice>1</voice>
        <type>eighth</type>
        <stem default-y="13">up</stem>
        <beam number="1">continue</beam>
      </note>
      <note default-x="152">
        <pitch>
          <step>B</step>
          <octave>4</octave>
        </pitch>
        <duration>4</duration>
        <voice>1</voice>
        <type>eighth</type>
        <stem default-y="13">up</stem>
        <beam number="1">continue</beam>
      </note>
      <note default-x="187">
        <pitch>
          <step>A</step>
          <octave>4</octave>
        </pitch>
        <duration>4</duration>
        <voice>1</voice>
        <type>eighth</type>
        <stem default-y="13">up</stem>
        <beam number="1">end</beam>
      </note>
    </measure>
    <!--=======================================================-->
    <measure number="2" width="155">
      <note default-x="10">
        <pitch>
          <step>B</step>
          <octave>4</octave>
        </pitch>
        <duration>4</duration>
        <voice>1</voice>
        <type>eighth</type>
        <stem default-y="-55">down</stem>
        <beam number="1">begin</beam>
      </note>
      <note default-x="46">
        <pitch>
          <step>A</step>
          <octave>4</octave>
        </pitch>
        <duration>4</duration>
        <voice>1</voice>
        <type>eighth</type>
        <stem default-y="-55">down</stem>
        <beam number="1">continue</beam>
      </note>
      <note default-x="82">
        <pitch>
          <step>B</step>
          <octave>4</octave>
        </pitch>
        <duration>4</duration>
        <voice>1</voice>
        <type>eighth</type>
        <stem default-y="-55">down</stem>
        <beam number="1">continue</beam>
      </note>
      <note default-x="118">
        <pitch>
          <step>C</step>
          <octave>5</octave>
        </pitch>
        <duration>4</duration>
        <voice>1</voice>
        <type>eighth</type>
        <stem default-y="-55">down</stem>
        <beam number="1">end</beam>
      </note>
    </measure>
    <!--=======================================================-->
    <measure number="3" width="155">
      <note default-x="10">
        <pitch>
          <step>E</step>
          <octave>5</octave>
        </pitch>
        <duration>4</duration>
        <voice>1</voice>
        <type>eighth</type>
        <stem default-y="-40">down</stem>
        <beam number="1">begin</beam>
      </note>
      <note default-x="46">
        <pitch>
          <step>C</step>
          <octave>5</octave>
        </pitch>
        <duration>4</duration>
        <voice>1</voice>
        <type>eighth</type>
        <stem default-y="-46">down</stem>
        <beam number="1">continue</beam>
      </note>
      <note default-x="82">
        <pitch>
          <step>B</step>
          <octave>4</octave>
        </pitch>
        <duration>4</duration>
        <voice>1</voice>
        <type>eighth</type>
        <stem default-y="-52">down</stem>
        <beam number="1">continue</beam>
      </note>
      <note default-x="118">
        <pitch>
          <step>A</step>
          <octave>4</octave>
        </pitch>
        <duration>4</duration>
        <voice>1</voice>
        <type>eighth</type>
        <stem default-y="-57.5">down</stem>
        <beam number="1">end</beam>
      </note>
    </measure>
    <!--=======================================================-->
    <measure number="4" width="125">
      <note default-x="10">
        <pitch>
          <step>F</step>
          <octave>4</octave>
        </pitch>
        <duration>12</duration>
        <voice>1</voice>
        <type>quarter</type>
        <dot/>
        <stem default-y="0">up</stem>
      </note>
      <note default-x="88">
        <rest/>
        <duration>4</duration>
        <voice>1</voice>
        <type>eighth</type>
      </note>
    </measure>
    <!--=======================================================-->
    <measure number="5" width="155">
      <note default-x="10">
        <pitch>
          <step>F</step>
          <octave>4</octave>
        </pitch>
        <duration>4</duration>
        <voice>1</voice>
        <type>eighth</type>
        <stem default-y="13">up</stem>
        <beam number="1">begin</beam>
      </note>
      <note default-x="46">
        <pitch>
          <step>A</step>
          <octave>4</octave>
        </pitch>
        <duration>4</duration>
        <voice>1</voice>
        <type>eighth</type>
        <stem default-y="13">up</stem>
        <beam number="1">continue</beam>
      </note>
      <note default-x="82">
        <pitch>
          <step>B</step>
          <octave>4</octave>
        </pitch>
        <duration>4</duration>
        <voice>1</voice>
        <type>eighth</type>
        <stem default-y="13">up</stem>
        <beam number="1">continue</beam>
      </note>
      <note default-x="118">
        <pitch>
          <step>A</step>
          <octave>4</octave>
        </pitch>
        <duration>4</duration>
        <voice>1</voice>
        <type>eighth</type>
        <stem default-y="13">up</stem>
        <beam number="1">end</beam>
      </note>
    </measure>
    <!--=======================================================-->
    <measure number="6" width="134">
      <note default-x="10">
        <pitch>
          <step>F</step>
          <octave>4</octave>
        </pitch>
        <duration>12</duration>
        <voice>1</voice>
        <type>quarter</type>
        <dot/>
        <stem default-y="0">up</stem>
      </note>
      <note default-x="94">
        <pitch>
          <step>E</step>
          <octave>4</octave>
        </pitch>
        <duration>4</duration>
        <voice>1</voice>
        <type>eighth</type>
        <stem default-y="-5">up</stem>
      </note>
    </measure>
    <!--=======================================================-->
    <measure number="7" width="188">
      <print new-system="yes">
        <system-layout>
          <system-margins>
            <left-margin>8</left-margin>
            <right-margin>0</right-margin>
          </system-margins>
          <system-distance>81</system-distance>
        </system-layout>
      </print>
      <note default-x="49">
        <pitch>
          <step>F</step>
          <octave>4</octave>
        </pitch>
        <duration>4</duration>
        <voice>1</voice>
        <type>eighth</type>
        <stem default-y="5">up</stem>
        <beam number="1">begin</beam>
      </note>
      <note default-x="84">
        <pitch>
          <step>A</step>
          <octave>4</octave>
        </pitch>
        <duration>4</duration>
        <voice>1</voice>
        <type>eighth</type>
        <stem default-y="5">up</stem>
        <beam number="1">continue</beam>
      </note>
      <note default-x="118">
        <pitch>
          <step>F</step>
          <octave>4</octave>
        </pitch>
        <duration>4</duration>
        <voice>1</voice>
        <type>eighth</type>
        <stem default-y="5">up</stem>
        <beam number="1">continue</beam>
      </note>
      <note default-x="153">
        <pitch>
          <step>E</step>
          <octave>4</octave>
        </pitch>
        <duration>4</duration>
        <voice>1</voice>
        <type>eighth</type>
        <stem default-y="5">up</stem>
        <beam number="1">end</beam>
      </note>
    </measure>
    <!--=======================================================-->
    <measure number="8" width="149">
      <note default-x="10">
        <pitch>
          <step>D</step>
          <octave>4</octave>
        </pitch>
        <duration>4</duration>
        <voice>1</voice>
        <type>eighth</type>
        <stem default-y="-10">up</stem>
        <beam number="1">begin</beam>
      </note>
      <note default-x="45">
        <pitch>
          <step>D</step>
          <octave>4</octave>
        </pitch>
        <duration>4</duration>
        <voice>1</voice>
        <type>eighth</type>
        <stem default-y="-9">up</stem>
        <beam number="1">continue</beam>
      </note>
      <note default-x="79">
        <pitch>
          <step>D</step>
          <octave>4</octave>
        </pitch>
        <duration>4</duration>
        <voice>1</voice>
        <type>eighth</type>
        <stem default-y="-8">up</stem>
        <beam number="1">continue</beam>
      </note>
      <note default-x="114">
        <pitch>
          <step>E</step>
          <octave>4</octave>
        </pitch>
        <duration>4</duration>
        <voice>1</voice>
        <type>eighth</type>
        <stem default-y="-7.5">up</stem>
        <beam number="1">end</beam>
      </note>
    </measure>
    <!--=======================================================-->
    <measure number="9" width="149">
      <direction placement="below">
        <direction-type>
          <dynamics default-x="6" default-y="-72" halign="center">
            <f/>
          </dynamics>
        </direction-type>
        <sound dynamics="98"/>
      </direction>
      <note default-x="10">
        <pitch>
          <step>F</step>
          <octave>4</octave>
        </pitch>
        <duration>4</duration>
        <voice>1</voice>
        <type>eighth</type>
        <stem default-y="-5">up</stem>
        <beam number="1">begin</beam>
      </note>
      <note default-x="45">
        <pitch>
          <step>E</step>
          <octave>4</octave>
        </pitch>
        <duration>4</duration>
        <voice>1</voice>
        <type>eighth</type>
        <stem default-y="-7">up</stem>
        <beam number="1">continue</beam>
      </note>
      <note default-x="79">
        <pitch>
          <step>B</step>
          <octave>3</octave>
        </pitch>
        <duration>4</duration>
        <voice>1</voice>
        <type>eighth</type>
        <stem default-y="-8">up</stem>
        <beam number="1">continue</beam>
      </note>
      <note default-x="113">
        <pitch>
          <step>D</step>
          <octave>4</octave>
        </pitch>
        <duration>4</duration>
        <voice>1</voice>
        <type>eighth</type>
        <stem default-y="-10">up</stem>
        <beam number="1">end</beam>
      </note>
    </measure>
    <!--=======================================================-->
    <measure number="10" width="121">
      <note default-x="10">
        <pitch>
          <step>E</step>
          <octave>4</octave>
        </pitch>
        <duration>12</duration>
        <voice>1</voice>
        <type>quarter</type>
        <dot/>
        <stem default-y="-5">up</stem>
      </note>
      <note default-x="84">
        <rest/>
        <duration>4</duration>
        <voice>1</voice>
        <type>eighth</type>
      </note>
    </measure>
    <!--=======================================================-->
    <measure number="11" width="195">
      <direction placement="below">
        <direction-type>
          <dynamics default-x="14" default-y="-74" halign="center">
            <mf/>
          </dynamics>
        </direction-type>
        <sound dynamics="83"/>
      </direction>
      <note default-x="10">
        <pitch>
          <step>D</step>
          <octave>4</octave>
        </pitch>
        <duration>4</duration>
        <voice>1</voice>
        <type>eighth</type>
        <stem default-y="-10">up</stem>
      </note>
      <note default-x="61">
        <pitch>
          <step>D</step>
          <octave>4</octave>
        </pitch>
        <duration>8</duration>
        <voice>1</voice>
        <type>quarter</type>
        <stem default-y="-10">up</stem>
        <lyric default-y="-80" number="1">
          <syllabic>single</syllabic>
          <text>オノ</text>
        </lyric>
      </note>
      <note default-x="143">
        <pitch>
          <step>E</step>
          <octave>4</octave>
        </pitch>
        <duration>4</duration>
        <voice>1</voice>
        <type>eighth</type>
        <stem default-y="-5">up</stem>
        <lyric default-y="-80" number="1">
          <syllabic>single</syllabic>
          <text>ガ</text>
        </lyric>
      </note>
    </measure>
    <!--=======================================================-->
    <measure number="12" width="208">
      <note default-x="14">
        <pitch>
          <step>F</step>
          <octave>4</octave>
        </pitch>
        <duration>4</duration>
        <voice>1</voice>
        <type>eighth</type>
        <stem default-y="0">up</stem>
        <lyric default-y="-80" number="1">
          <syllabic>single</syllabic>
          <text>ス</text>
        </lyric>
      </note>
      <note default-x="67">
        <pitch>
          <step>F</step>
          <octave>4</octave>
        </pitch>
        <duration>8</duration>
        <voice>1</voice>
        <type>quarter</type>
        <stem default-y="0">up</stem>
        <lyric default-y="-80" number="1">
          <syllabic>single</syllabic>
          <text>ガタ</text>
        </lyric>
      </note>
      <note default-x="153">
        <pitch>
          <step>E</step>
          <octave>4</octave>
        </pitch>
        <duration>4</duration>
        <voice>1</voice>
        <type>eighth</type>
        <stem default-y="-5">up</stem>
        <lyric default-y="-80" number="1">
          <syllabic>single</syllabic>
          <text>ヲ</text>
        </lyric>
      </note>
    </measure>
    <!--=======================================================-->
    <measure number="13" width="233">
      <print new-system="yes"/>
      <note default-x="52">
        <pitch>
          <step>A</step>
          <octave>4</octave>
        </pitch>
        <duration>4</duration>
        <voice>1</voice>
        <type>eighth</type>
        <stem default-y="12.5">up</stem>
        <beam number="1">begin</beam>
        <lyric default-y="-80" number="1">
          <syllabic>single</syllabic>
          <text>ハ</text>
        </lyric>
      </note>
      <note default-x="97">
        <pitch>
          <step>A</step>
          <octave>4</octave>
        </pitch>
        <duration>4</duration>
        <voice>1</voice>
        <type>eighth</type>
        <stem default-y="12.5">up</stem>
        <beam number="1">continue</beam>
        <lyric default-y="-80" number="1">
          <syllabic>single</syllabic>
          <text>ナ</text>
        </lyric>
      </note>
      <note default-x="142">
        <pitch>
          <step>B</step>
          <octave>4</octave>
        </pitch>
        <duration>4</duration>
        <voice>1</voice>
        <type>eighth</type>
        <stem default-y="12.5">up</stem>
        <beam number="1">continue</beam>
        <lyric default-y="-80" number="1">
          <syllabic>single</syllabic>
          <text>ト</text>
        </lyric>
      </note>
      <note default-x="187">
        <pitch>
          <step>A</step>
          <octave>4</octave>
        </pitch>
        <duration>4</duration>
        <voice>1</voice>
        <type>eighth</type>
        <stem default-y="12.5">up</stem>
        <beam number="1">end</beam>
        <lyric default-y="-80" number="1">
          <syllabic>single</syllabic>
          <text>ミ</text>
        </lyric>
      </note>
    </measure>
    <!--=======================================================-->
    <measure number="14" width="117">
      <note default-x="11">
        <pitch>
          <step>B</step>
          <octave>4</octave>
        </pitch>
        <duration>8</duration>
        <voice>1</voice>
        <type>quarter</type>
        <stem default-y="-55">down</stem>
        <lyric default-y="-80" number="1">
          <syllabic>single</syllabic>
          <text>テ</text>
          <extend/>
        </lyric>
      </note>
      <note default-x="58">
        <pitch>
          <step>C</step>
          <octave>5</octave>
        </pitch>
        <duration>4</duration>
        <voice>1</voice>
        <type>eighth</type>
        <stem default-y="-45">down</stem>
        <beam number="1">begin</beam>
      </note>
      <note default-x="87">
        <pitch>
          <step>E</step>
          <octave>5</octave>
        </pitch>
        <duration>4</duration>
        <voice>1</voice>
        <type>eighth</type>
        <stem default-y="-40">down</stem>
        <beam number="1">end</beam>
      </note>
    </measure>
    <!--=======================================================-->
    <measure number="15" width="146">
      <note default-x="23">
        <pitch>
          <step>F</step>
          <alter>1</alter>
          <octave>5</octave>
        </pitch>
        <duration>4</duration>
        <voice>1</voice>
        <type>eighth</type>
        <accidental>sharp</accidental>
        <stem default-y="-35">down</stem>
        <lyric default-y="-80" number="1">
          <syllabic>single</syllabic>
          <text>　</text>
        </lyric>
      </note>
      <note default-x="56">
        <pitch>
          <step>F</step>
          <alter>1</alter>
          <octave>5</octave>
        </pitch>
        <duration>8</duration>
        <voice>1</voice>
        <type>quarter</type>
        <stem default-y="-35">down</stem>
        <lyric default-y="-80" number="1">
          <syllabic>single</syllabic>
          <text>ニ</text>
          <extend/>
        </lyric>
      </note>
      <note default-x="111">
        <pitch>
          <step>E</step>
          <octave>5</octave>
        </pitch>
        <duration>4</duration>
        <voice>1</voice>
        <type>eighth</type>
        <stem default-y="-39.5">down</stem>
      </note>
    </measure>
    <!--=======================================================-->
    <measure number="16" width="161">
      <note default-x="10">
        <pitch>
          <step>C</step>
          <octave>5</octave>
        </pitch>
        <duration>4</duration>
        <voice>1</voice>
        <type>eighth</type>
        <stem default-y="-45">down</stem>
        <beam number="1">begin</beam>
        <lyric default-y="-80" number="1">
          <syllabic>single</syllabic>
          <text>ワ</text>
          <extend/>
        </lyric>
      </note>
      <note default-x="48">
        <pitch>
          <step>C</step>
          <octave>5</octave>
        </pitch>
        <duration>4</duration>
        <voice>1</voice>
        <type>eighth</type>
        <stem default-y="-45">down</stem>
        <beam number="1">continue</beam>
      </note>
      <note default-x="85">
        <pitch>
          <step>C</step>
          <octave>5</octave>
        </pitch>
        <duration>4</duration>
        <voice>1</voice>
        <type>eighth</type>
        <stem default-y="-45">down</stem>
        <beam number="1">continue</beam>
        <lyric default-y="-80" number="1">
          <syllabic>single</syllabic>
          <text>ニ</text>
          <extend/>
        </lyric>
      </note>
      <note default-x="122">
        <pitch>
          <step>E</step>
          <octave>5</octave>
        </pitch>
        <duration>4</duration>
        <voice>1</voice>
        <type>eighth</type>
        <stem default-y="-45">down</stem>
        <beam number="1">end</beam>
      </note>
    </measure>
    <!--=======================================================-->
    <measure number="17" width="172">
      <note default-x="23">
        <pitch>
          <step>F</step>
          <alter>1</alter>
          <octave>5</octave>
        </pitch>
        <duration>4</duration>
        <voice>1</voice>
        <type>eighth</type>
        <accidental>sharp</accidental>
        <stem default-y="-35">down</stem>
        <lyric default-y="-80" number="1">
          <syllabic>single</syllabic>
          <text>　</text>
        </lyric>
      </note>
      <note default-x="63">
        <pitch>
          <step>F</step>
          <alter>1</alter>
          <octave>5</octave>
        </pitch>
        <duration>8</duration>
        <voice>1</voice>
        <type>quarter</type>
        <stem default-y="-35">down</stem>
        <lyric default-y="-80" number="1">
          <syllabic>single</syllabic>
          <text>サイ</text>
          <extend/>
        </lyric>
      </note>
      <note default-x="130">
        <pitch>
          <step>E</step>
          <octave>5</octave>
        </pitch>
        <duration>4</duration>
        <voice>1</voice>
        <type>eighth</type>
        <stem default-y="-39.5">down</stem>
      </note>
    </measure>
    <!--=======================================================-->
    <measure number="18" width="179">
      <note default-x="10">
        <pitch>
          <step>C</step>
          <octave>5</octave>
        </pitch>
        <duration>4</duration>
        <voice>1</voice>
        <type>eighth</type>
        <stem default-y="-50">down</stem>
        <beam number="1">begin</beam>
        <lyric default-y="-80" number="1">
          <syllabic>single</syllabic>
          <text>タ</text>
          <extend/>
        </lyric>
      </note>
      <note default-x="50">
        <pitch>
          <step>E</step>
          <octave>5</octave>
        </pitch>
        <duration>2</duration>
        <voice>1</voice>
        <type>16th</type>
        <stem default-y="-50">down</stem>
        <beam number="1">continue</beam>
        <beam number="2">begin</beam>
      </note>
      <note default-x="74">
        <pitch>
          <step>C</step>
          <octave>5</octave>
        </pitch>
        <duration>2</duration>
        <voice>1</voice>
        <type>16th</type>
        <stem default-y="-50">down</stem>
        <beam number="1">end</beam>
        <beam number="2">end</beam>
      </note>
      <note default-x="98">
        <pitch>
          <step>B</step>
          <octave>4</octave>
        </pitch>
        <duration>4</duration>
        <voice>1</voice>
        <type>eighth</type>
        <stem default-y="12.5">up</stem>
        <beam number="1">begin</beam>
        <lyric default-y="-80" number="1">
          <syllabic>single</syllabic>
          <text>リ</text>
        </lyric>
      </note>
      <note default-x="138">
        <pitch>
          <step>A</step>
          <octave>4</octave>
        </pitch>
        <duration>4</duration>
        <voice>1</voice>
        <type>eighth</type>
        <stem default-y="10">up</stem>
        <beam number="1">end</beam>
      </note>
    </measure>
    <!--=======================================================-->
    <measure number="19" width="230">
      <print new-system="yes"/>
      <note default-x="52">
        <pitch>
          <step>B</step>
          <octave>4</octave>
        </pitch>
        <duration>4</duration>
        <voice>1</voice>
        <type>eighth</type>
        <stem default-y="-55">down</stem>
        <beam number="1">begin</beam>
        <lyric default-y="-80" number="1">
          <syllabic>single</syllabic>
          <text>　</text>
        </lyric>
      </note>
      <note default-x="97">
        <pitch>
          <step>C</step>
          <octave>5</octave>
        </pitch>
        <duration>4</duration>
        <voice>1</voice>
        <type>eighth</type>
        <stem default-y="-55.5">down</stem>
        <beam number="1">continue</beam>
        <lyric default-y="-80" number="1">
          <syllabic>single</syllabic>
          <text>サ</text>
        </lyric>
      </note>
      <note default-x="140">
        <pitch>
          <step>E</step>
          <octave>5</octave>
        </pitch>
        <duration>4</duration>
        <voice>1</voice>
        <type>eighth</type>
        <stem default-y="-56.5">down</stem>
        <beam number="1">continue</beam>
        <lyric default-y="-80" number="1">
          <syllabic>single</syllabic>
          <text>カ</text>
          <extend/>
        </lyric>
      </note>
      <note default-x="184">
        <pitch>
          <step>A</step>
          <octave>4</octave>
        </pitch>
        <duration>4</duration>
        <voice>1</voice>
        <type>eighth</type>
        <stem default-y="-57.5">down</stem>
        <beam number="1">end</beam>
      </note>
    </measure>
    <!--=======================================================-->
    <measure number="20" width="173">
      <note default-x="10">
        <pitch>
          <step>C</step>
          <octave>5</octave>
        </pitch>
        <duration>4</duration>
        <voice>1</voice>
        <type>eighth</type>
        <stem default-y="18">up</stem>
        <beam number="1">begin</beam>
        <lyric default-y="-80" number="1">
          <syllabic>single</syllabic>
          <text>セ</text>
          <extend/>
        </lyric>
      </note>
      <note default-x="50">
        <pitch>
          <step>B</step>
          <octave>4</octave>
        </pitch>
        <duration>4</duration>
        <voice>1</voice>
        <type>eighth</type>
        <stem default-y="12">up</stem>
        <beam number="1">continue</beam>
      </note>
      <note default-x="91">
        <pitch>
          <step>A</step>
          <octave>4</octave>
        </pitch>
        <duration>4</duration>
        <voice>1</voice>
        <type>eighth</type>
        <stem default-y="6">up</stem>
        <beam number="1">continue</beam>
        <lyric default-y="-80" number="1">
          <syllabic>single</syllabic>
          <text>タ</text>
          <extend/>
        </lyric>
      </note>
      <note default-x="131">
        <pitch>
          <step>F</step>
          <octave>4</octave>
        </pitch>
        <duration>4</duration>
        <voice>1</voice>
        <type>eighth</type>
        <stem default-y="0">up</stem>
        <beam number="1">end</beam>
      </note>
    </measure>
    <!--=======================================================-->
    <measure number="21" width="134">
      <note default-x="14">
        <pitch>
          <step>E</step>
          <octave>4</octave>
        </pitch>
        <duration>12</duration>
        <voice>1</voice>
        <type>quarter</type>
        <dot/>
        <stem default-y="-5">up</stem>
        <lyric default-y="-80" number="1">
          <syllabic>single</syllabic>
          <text>リ</text>
        </lyric>
      </note>
      <note default-x="94">
        <pitch>
          <step>F</step>
          <octave>4</octave>
        </pitch>
        <duration>4</duration>
        <voice>1</voice>
        <type>eighth</type>
        <stem default-y="0">up</stem>
        <lyric default-y="-80" number="1">
          <syllabic>single</syllabic>
          <text>ソ</text>
        </lyric>
      </note>
    </measure>
    <!--=======================================================-->
    <measure number="22" width="162">
      <note default-x="14">
        <pitch>
          <step>A</step>
          <octave>4</octave>
        </pitch>
        <duration>4</duration>
        <voice>1</voice>
        <type>eighth</type>
        <stem default-y="10">up</stem>
        <beam number="1">begin</beam>
        <lyric default-y="-80" number="1">
          <syllabic>single</syllabic>
          <text>コ</text>
        </lyric>
      </note>
      <note default-x="55">
        <pitch>
          <step>B</step>
          <octave>4</octave>
        </pitch>
        <duration>4</duration>
        <voice>1</voice>
        <type>eighth</type>
        <stem default-y="13">up</stem>
        <beam number="1">end</beam>
        <lyric default-y="-80" number="1">
          <syllabic>single</syllabic>
          <text>ナ</text>
        </lyric>
      </note>
      <note default-x="95">
        <pitch>
          <step>C</step>
          <octave>5</octave>
        </pitch>
        <duration>8</duration>
        <voice>1</voice>
        <type>quarter</type>
        <stem default-y="-50">down</stem>
        <lyric default-y="-80" number="1">
          <syllabic>single</syllabic>
          <text>オ</text>
        </lyric>
      </note>
    </measure>
    <!--=======================================================-->
    <measure number="23" width="148">
      <note default-x="14">
        <pitch>
          <step>E</step>
          <octave>5</octave>
        </pitch>
        <duration>8</duration>
        <voice>1</voice>
        <type>quarter</type>
        <stem default-y="-40">down</stem>
        <lyric default-y="-80" number="1">
          <syllabic>single</syllabic>
          <text>ケ</text>
        </lyric>
      </note>
      <note default-x="73">
        <pitch>
          <step>C</step>
          <octave>5</octave>
        </pitch>
        <duration>4</duration>
        <voice>1</voice>
        <type>eighth</type>
        <stem default-y="-50">down</stem>
        <beam number="1">begin</beam>
        <lyric default-y="-80" number="1">
          <syllabic>single</syllabic>
          <text>サ</text>
          <extend/>
        </lyric>
      </note>
      <note default-x="110">
        <pitch>
          <step>B</step>
          <octave>4</octave>
        </pitch>
        <duration>4</duration>
        <voice>1</voice>
        <type>eighth</type>
        <stem default-y="-52.5">down</stem>
        <beam number="1">end</beam>
      </note>
    </measure>
    <!--=======================================================-->
    <measure number="24" width="161">
      <note default-x="14">
        <pitch>
          <step>A</step>
          <octave>4</octave>
        </pitch>
        <duration>8</duration>
        <voice>1</voice>
        <type>quarter</type>
        <stem default-y="10">up</stem>
        <lyric default-y="-80" number="1">
          <syllabic>single</syllabic>
          <text>ニ</text>
        </lyric>
      </note>
      <note default-x="79">
        <pitch>
          <step>A</step>
          <octave>4</octave>
        </pitch>
        <duration>4</duration>
        <voice>1</voice>
        <type>eighth</type>
        <stem default-y="5">up</stem>
        <beam number="1">begin</beam>
        <lyric default-y="-80" number="1">
          <syllabic>single</syllabic>
          <text>イ</text>
        </lyric>
      </note>
      <note default-x="119">
        <pitch>
          <step>F</step>
          <octave>4</octave>
        </pitch>
        <duration>4</duration>
        <voice>1</voice>
        <type>eighth</type>
        <stem default-y="0">up</stem>
        <beam number="1">end</beam>
        <lyric default-y="-80" number="1">
          <syllabic>single</syllabic>
          <text>ナ</text>
        </lyric>
      </note>
    </measure>
    <!--=======================================================-->
    <measure number="25" width="164">
      <print new-system="yes"/>
      <note default-x="52">
        <pitch>
          <step>A</step>
          <octave>4</octave>
        </pitch>
        <duration>12</duration>
        <voice>1</voice>
        <type>quarter</type>
        <dot/>
        <stem default-y="10">up</stem>
        <lyric default-y="-80" number="1">
          <syllabic>single</syllabic>
          <text>コ</text>
        </lyric>
      </note>
      <note default-x="127">
        <pitch>
          <step>B</step>
          <octave>4</octave>
        </pitch>
        <duration>4</duration>
        <voice>1</voice>
        <type>eighth</type>
        <stem default-y="-55">down</stem>
        <lyric default-y="-80" number="1">
          <syllabic>single</syllabic>
          <text>ト</text>
        </lyric>
      </note>
    </measure>
    <!--=======================================================-->
    <measure number="26" width="163">
      <note default-x="10">
        <pitch>
          <step>C</step>
          <octave>5</octave>
        </pitch>
        <duration>4</duration>
        <voice>1</voice>
        <type>eighth</type>
        <stem default-y="18">up</stem>
        <beam number="1">begin</beam>
        <lyric default-y="-80" number="1">
          <syllabic>single</syllabic>
          <text>イ</text>
          <extend/>
        </lyric>
      </note>
      <note default-x="48">
        <pitch>
          <step>B</step>
          <octave>4</octave>
        </pitch>
        <duration>4</duration>
        <voice>1</voice>
        <type>eighth</type>
        <stem default-y="12">up</stem>
        <beam number="1">continue</beam>
      </note>
      <note default-x="86">
        <pitch>
          <step>A</step>
          <octave>4</octave>
        </pitch>
        <duration>4</duration>
        <voice>1</voice>
        <type>eighth</type>
        <stem default-y="6">up</stem>
        <beam number="1">continue</beam>
        <lyric default-y="-80" number="1">
          <syllabic>single</syllabic>
          <text>ワ</text>
          <extend/>
        </lyric>
      </note>
      <note default-x="124">
        <pitch>
          <step>F</step>
          <octave>4</octave>
        </pitch>
        <duration>4</duration>
        <voice>1</voice>
        <type>eighth</type>
        <stem default-y="0">up</stem>
        <beam number="1">end</beam>
      </note>
    </measure>
    <!--=======================================================-->
    <measure number="27" width="110">
      <note default-x="10">
        <pitch>
          <step>E</step>
          <octave>4</octave>
        </pitch>
        <duration>12</duration>
        <voice>1</voice>
        <type>quarter</type>
        <dot/>
        <stem default-y="-5">up</stem>
        <lyric default-y="-80" number="1">
          <syllabic>single</syllabic>
          <text>レ</text>
        </lyric>
      </note>
      <note default-x="77">
        <pitch>
          <step>E</step>
          <octave>4</octave>
        </pitch>
        <duration>4</duration>
        <voice>1</voice>
        <type>eighth</type>
        <stem default-y="-5">up</stem>
      </note>
    </measure>
    <!--=======================================================-->
    <measure number="28" width="175">
      <note default-x="10">
        <pitch>
          <step>B</step>
          <octave>4</octave>
        </pitch>
        <duration>4</duration>
        <voice>1</voice>
        <type>eighth</type>
        <stem default-y="-52.5">down</stem>
        <beam number="1">begin</beam>
      </note>
      <note default-x="51">
        <pitch>
          <step>C</step>
          <octave>5</octave>
        </pitch>
        <duration>4</duration>
        <voice>1</voice>
        <type>eighth</type>
        <stem default-y="-52.5">down</stem>
        <beam number="1">continue</beam>
        <lyric default-y="-80" number="1">
          <syllabic>single</syllabic>
          <text>ネ</text>
        </lyric>
      </note>
      <note default-x="92">
        <pitch>
          <step>C</step>
          <octave>5</octave>
        </pitch>
        <duration>4</duration>
        <voice>1</voice>
        <type>eighth</type>
        <stem default-y="-52.5">down</stem>
        <beam number="1">continue</beam>
        <lyric default-y="-80" number="1">
          <syllabic>single</syllabic>
          <text>マ</text>
        </lyric>
      </note>
      <note default-x="133">
        <pitch>
          <step>B</step>
          <octave>4</octave>
        </pitch>
        <duration>4</duration>
        <voice>1</voice>
        <type>eighth</type>
        <stem default-y="-52.5">down</stem>
        <beam number="1">end</beam>
        <lyric default-y="-80" number="1">
          <syllabic>single</syllabic>
          <text>リ</text>
        </lyric>
      </note>
    </measure>
    <!--=======================================================-->
    <measure number="29" width="198">
      <note default-x="14">
        <pitch>
          <step>C</step>
          <octave>5</octave>
        </pitch>
        <duration>4</duration>
        <voice>1</voice>
        <type>eighth</type>
        <stem default-y="-50">down</stem>
        <beam number="1">begin</beam>
        <lyric default-y="-80" number="1">
          <syllabic>single</syllabic>
          <text>ネ</text>
        </lyric>
      </note>
      <note default-x="60">
        <pitch>
          <step>E</step>
          <octave>5</octave>
        </pitch>
        <duration>4</duration>
        <voice>1</voice>
        <type>eighth</type>
        <stem default-y="-51">down</stem>
        <beam number="1">continue</beam>
        <lyric default-y="-80" number="1">
          <syllabic>single</syllabic>
          <text>マ</text>
        </lyric>
      </note>
      <note default-x="105">
        <pitch>
          <step>C</step>
          <octave>5</octave>
        </pitch>
        <duration>4</duration>
        <voice>1</voice>
        <type>eighth</type>
        <stem default-y="-51.5">down</stem>
        <beam number="1">continue</beam>
        <lyric default-y="-80" number="1">
          <syllabic>single</syllabic>
          <text>ラ</text>
        </lyric>
      </note>
      <note default-x="151">
        <pitch>
          <step>B</step>
          <octave>4</octave>
        </pitch>
        <duration>4</duration>
        <voice>1</voice>
        <type>eighth</type>
        <stem default-y="-52.5">down</stem>
        <beam number="1">end</beam>
        <lyric default-y="-80" number="1">
          <syllabic>single</syllabic>
          <text>ズ</text>
        </lyric>
      </note>
    </measure>
    <!--=======================================================-->
    <measure number="30" width="198">
      <note default-x="14">
        <pitch>
          <step>A</step>
          <octave>4</octave>
        </pitch>
        <duration>4</duration>
        <voice>1</voice>
        <type>eighth</type>
        <stem default-y="10">up</stem>
        <beam number="1">begin</beam>
        <lyric default-y="-80" number="1">
          <syllabic>single</syllabic>
          <text>マ</text>
        </lyric>
      </note>
      <note default-x="59">
        <pitch>
          <step>B</step>
          <octave>4</octave>
        </pitch>
        <duration>4</duration>
        <voice>1</voice>
        <type>eighth</type>
        <stem default-y="10">up</stem>
        <beam number="1">continue</beam>
        <lyric default-y="-80" number="1">
          <syllabic>single</syllabic>
          <text>チ</text>
        </lyric>
      </note>
      <note default-x="105">
        <pitch>
          <step>C</step>
          <octave>5</octave>
        </pitch>
        <duration>4</duration>
        <voice>1</voice>
        <type>eighth</type>
        <stem default-y="10">up</stem>
        <beam number="1">continue</beam>
        <lyric default-y="-80" number="1">
          <syllabic>single</syllabic>
          <text>ア</text>
        </lyric>
      </note>
      <note default-x="151">
        <pitch>
          <step>A</step>
          <octave>4</octave>
        </pitch>
        <duration>4</duration>
        <voice>1</voice>
        <type>eighth</type>
        <stem default-y="10">up</stem>
        <beam number="1">end</beam>
        <lyric default-y="-80" number="1">
          <syllabic>single</syllabic>
          <text>カ</text>
        </lyric>
      </note>
    </measure>
    <!--=======================================================-->
    <measure number="31" width="190">
      <print new-system="yes"/>
      <note default-x="49">
        <pitch>
          <step>F</step>
          <octave>4</octave>
        </pitch>
        <duration>4</duration>
        <voice>1</voice>
        <type>eighth</type>
        <stem default-y="10">up</stem>
        <beam number="1">begin</beam>
        <lyric default-y="-80" number="1">
          <syllabic>single</syllabic>
          <text>ス</text>
        </lyric>
      </note>
      <note default-x="83">
        <pitch>
          <step>A</step>
          <octave>4</octave>
        </pitch>
        <duration>2</duration>
        <voice>1</voice>
        <type>16th</type>
        <stem default-y="10">up</stem>
        <beam number="1">continue</beam>
        <beam number="2">begin</beam>
      </note>
      <note default-x="104">
        <pitch>
          <step>F</step>
          <octave>4</octave>
        </pitch>
        <duration>2</duration>
        <voice>1</voice>
        <type>16th</type>
        <stem default-y="10">up</stem>
        <beam number="1">end</beam>
        <beam number="2">end</beam>
      </note>
      <note default-x="123">
        <pitch>
          <step>E</step>
          <octave>4</octave>
        </pitch>
        <duration>4</duration>
        <voice>1</voice>
        <type>eighth</type>
        <stem default-y="-7">up</stem>
        <beam number="1">begin</beam>
      </note>
      <note default-x="154">
        <pitch>
          <step>D</step>
          <octave>4</octave>
        </pitch>
        <duration>4</duration>
        <voice>1</voice>
        <type>eighth</type>
        <stem default-y="-10">up</stem>
        <beam number="1">end</beam>
        <lyric default-y="-80" number="1">
          <syllabic>single</syllabic>
          <text>ゴ</text>
        </lyric>
      </note>
    </measure>
    <!--=======================================================-->
    <measure number="32" width="242">
      <note default-x="14">
        <pitch>
          <step>E</step>
          <octave>4</octave>
        </pitch>
        <duration>4</duration>
        <voice>1</voice>
        <type>eighth</type>
        <stem default-y="-7">up</stem>
        <beam number="1">begin</beam>
        <lyric default-y="-80" number="1">
          <syllabic>single</syllabic>
          <text>ザ</text>
        </lyric>
      </note>
      <note default-x="58">
        <pitch>
          <step>F</step>
          <octave>4</octave>
        </pitch>
        <duration>4</duration>
        <voice>1</voice>
        <type>eighth</type>
        <stem default-y="-5">up</stem>
        <beam number="1">end</beam>
        <lyric default-y="-80" number="1">
          <syllabic>single</syllabic>
          <text>レ</text>
        </lyric>
      </note>
      <note default-x="102">
        <pitch>
          <step>A</step>
          <octave>4</octave>
        </pitch>
        <duration>2</duration>
        <voice>1</voice>
        <type>16th</type>
        <stem default-y="10">up</stem>
        <beam number="1">begin</beam>
        <beam number="2">begin</beam>
        <lyric default-y="-80" number="1">
          <syllabic>single</syllabic>
          <text>ハ</text>
        </lyric>
      </note>
      <note default-x="137">
        <pitch>
          <step>A</step>
          <octave>4</octave>
        </pitch>
        <duration>2</duration>
        <voice>1</voice>
        <type>16th</type>
        <stem default-y="10">up</stem>
        <beam number="1">continue</beam>
        <beam number="2">continue</beam>
        <lyric default-y="-80" number="1">
          <syllabic>single</syllabic>
          <text>ナ</text>
        </lyric>
      </note>
      <note default-x="172">
        <pitch>
          <step>A</step>
          <octave>4</octave>
        </pitch>
        <duration>2</duration>
        <voice>1</voice>
        <type>16th</type>
        <stem default-y="10">up</stem>
        <beam number="1">continue</beam>
        <beam number="2">continue</beam>
        <lyric default-y="-80" number="1">
          <syllabic>single</syllabic>
          <text>シ</text>
        </lyric>
      </note>
      <note default-x="205">
        <pitch>
          <step>A</step>
          <octave>4</octave>
        </pitch>
        <duration>2</duration>
        <voice>1</voice>
        <type>16th</type>
        <stem default-y="10">up</stem>
        <beam number="1">end</beam>
        <beam number="2">end</beam>
        <lyric default-y="-80" number="1">
          <syllabic>single</syllabic>
          <text>マ</text>
        </lyric>
      </note>
    </measure>
    <!--=======================================================-->
    <measure number="33" width="225">
      <note default-x="14">
        <pitch>
          <step>B</step>
          <octave>4</octave>
        </pitch>
        <duration>4</duration>
        <voice>1</voice>
        <type>eighth</type>
        <stem default-y="-52">down</stem>
        <beam number="1">begin</beam>
        <lyric default-y="-80" number="1">
          <syllabic>single</syllabic>
          <text>ショ</text>
        </lyric>
      </note>
      <note default-x="63">
        <pitch>
          <step>B</step>
          <octave>4</octave>
        </pitch>
        <duration>4</duration>
        <voice>1</voice>
        <type>eighth</type>
        <stem default-y="-52">down</stem>
        <beam number="1">end</beam>
        <lyric default-y="-80" number="1">
          <syllabic>single</syllabic>
          <text>　</text>
        </lyric>
      </note>
      <note default-x="113">
        <pitch>
          <step>C</step>
          <octave>5</octave>
        </pitch>
        <duration>4</duration>
        <voice>1</voice>
        <type>eighth</type>
        <stem default-y="-50">down</stem>
        <beam number="1">begin</beam>
        <lyric default-y="-80" number="1">
          <syllabic>single</syllabic>
          <text>コン</text>
        </lyric>
      </note>
      <note default-x="163">
        <pitch>
          <step>C</step>
          <octave>5</octave>
        </pitch>
        <duration>2</duration>
        <voice>1</voice>
        <type>16th</type>
        <stem default-y="-50">down</stem>
        <beam number="1">continue</beam>
        <beam number="2">begin</beam>
        <lyric default-y="-80" number="1">
          <syllabic>single</syllabic>
          <text>コ</text>
        </lyric>
      </note>
      <note default-x="194">
        <pitch>
          <step>C</step>
          <octave>5</octave>
        </pitch>
        <duration>2</duration>
        <voice>1</voice>
        <type>16th</type>
        <stem default-y="-50">down</stem>
        <beam number="1">end</beam>
        <beam number="2">end</beam>
        <lyric default-y="-80" number="1">
          <syllabic>single</syllabic>
          <text>マ</text>
        </lyric>
      </note>
    </measure>
    <!--=======================================================-->
    <measure number="34" width="205">
      <note default-x="14">
        <pitch>
          <step>B</step>
          <octave>4</octave>
        </pitch>
        <duration>4</duration>
        <voice>1</voice>
        <type>eighth</type>
        <stem default-y="-52">down</stem>
        <beam number="1">begin</beam>
        <lyric default-y="-80" number="1">
          <syllabic>single</syllabic>
          <text>ツ</text>
        </lyric>
      </note>
      <note default-x="51">
        <pitch>
          <step>C</step>
          <octave>5</octave>
        </pitch>
        <duration>2</duration>
        <voice>1</voice>
        <type>16th</type>
        <stem default-y="-52">down</stem>
        <beam number="1">continue</beam>
        <beam number="2">begin</beam>
        <lyric default-y="-80" number="1">
          <syllabic>single</syllabic>
          <text>ノ</text>
          <extend/>
        </lyric>
      </note>
      <note default-x="86">
        <pitch>
          <step>B</step>
          <octave>4</octave>
        </pitch>
        <duration>2</duration>
        <voice>1</voice>
        <type>16th</type>
        <stem default-y="-52">down</stem>
        <beam number="1">end</beam>
        <beam number="2">end</beam>
      </note>
      <note default-x="110">
        <pitch>
          <step>A</step>
          <octave>4</octave>
        </pitch>
        <duration>4</duration>
        <voice>1</voice>
        <type>eighth</type>
        <stem default-y="13">up</stem>
        <beam number="1">begin</beam>
        <lyric default-y="-80" number="1">
          <syllabic>single</syllabic>
          <text>コ</text>
        </lyric>
      </note>
      <note default-x="146">
        <pitch>
          <step>B</step>
          <octave>4</octave>
        </pitch>
        <duration>2</duration>
        <voice>1</voice>
        <type>16th</type>
        <stem default-y="13">up</stem>
        <beam number="1">continue</beam>
        <beam number="2">begin</beam>
        <lyric default-y="-80" number="1">
          <syllabic>single</syllabic>
          <text>カ</text>
        </lyric>
      </note>
      <note default-x="175">
        <pitch>
          <step>A</step>
          <octave>4</octave>
        </pitch>
        <duration>2</duration>
        <voice>1</voice>
        <type>16th</type>
        <stem default-y="13">up</stem>
        <beam number="1">end</beam>
        <beam number="2">end</beam>
      </note>
    </measure>
    <!--=======================================================-->
    <measure number="35" width="147">
      <note default-x="14">
        <pitch>
          <step>F</step>
          <octave>4</octave>
        </pitch>
        <duration>4</duration>
        <voice>1</voice>
        <type>eighth</type>
        <stem default-y="-5">up</stem>
        <beam number="1">begin</beam>
        <lyric default-y="-80" number="1">
          <syllabic>single</syllabic>
          <text>ゲ</text>
        </lyric>
      </note>
      <note default-x="47">
        <pitch>
          <step>E</step>
          <octave>4</octave>
        </pitch>
        <duration>4</duration>
        <voice>1</voice>
        <type>eighth</type>
        <stem default-y="-7">up</stem>
        <beam number="1">continue</beam>
        <lyric default-y="-80" number="1">
          <syllabic>single</syllabic>
          <text>デ</text>
        </lyric>
      </note>
      <note default-x="82">
        <pitch>
          <step>D</step>
          <octave>4</octave>
        </pitch>
        <duration>4</duration>
        <voice>1</voice>
        <type>eighth</type>
        <stem default-y="-8">up</stem>
        <beam number="1">continue</beam>
      </note>
      <note default-x="111">
        <pitch>
          <step>D</step>
          <octave>4</octave>
        </pitch>
        <duration>4</duration>
        <voice>1</voice>
        <type>eighth</type>
        <stem default-y="-10">up</stem>
        <beam number="1">end</beam>
        <lyric default-y="-80" number="1">
          <syllabic>single</syllabic>
          <text>マ</text>
        </lyric>
      </note>
    </measure>
    <!--=======================================================-->
    <measure number="36" width="220">
      <print new-system="yes"/>
      <note default-x="52">
        <rest/>
        <duration>4</duration>
        <voice>1</voice>
        <type>eighth</type>
        <lyric default-y="-80" number="1">
          <syllabic>single</syllabic>
          <text>ツ</text>
        </lyric>
      </note>
      <note default-x="94">
        <pitch>
          <step>E</step>
          <octave>4</octave>
        </pitch>
        <duration>4</duration>
        <voice>1</voice>
        <type>eighth</type>
        <stem default-y="-7.5">up</stem>
        <beam number="1">begin</beam>
        <lyric default-y="-80" number="1">
          <syllabic>single</syllabic>
          <text>ノ</text>
        </lyric>
      </note>
      <note default-x="136">
        <pitch>
          <step>F</step>
          <octave>4</octave>
        </pitch>
        <duration>4</duration>
        <voice>1</voice>
        <type>eighth</type>
        <stem default-y="-1">up</stem>
        <beam number="1">continue</beam>
        <lyric default-y="-80" number="1">
          <syllabic>single</syllabic>
          <text>ハ</text>
        </lyric>
      </note>
      <note default-x="177">
        <pitch>
          <step>A</step>
          <octave>4</octave>
        </pitch>
        <duration>4</duration>
        <voice>1</voice>
        <type>eighth</type>
        <stem default-y="5">up</stem>
        <beam number="1">end</beam>
        <lyric default-y="-80" number="1">
          <syllabic>single</syllabic>
          <text>ノ</text>
        </lyric>
      </note>
    </measure>
    <!--=======================================================-->
    <measure number="37" width="251">
      <note default-x="14">
        <pitch>
          <step>F</step>
          <octave>4</octave>
        </pitch>
        <duration>4</duration>
        <voice>1</voice>
        <type>eighth</type>
        <stem default-y="-5">up</stem>
        <beam number="1">begin</beam>
        <lyric default-y="-80" number="1">
          <syllabic>single</syllabic>
          <text>ヨ</text>
        </lyric>
      </note>
      <note default-x="70">
        <pitch>
          <step>E</step>
          <octave>4</octave>
        </pitch>
        <duration>4</duration>
        <voice>1</voice>
        <type>eighth</type>
        <stem default-y="-7.5">up</stem>
        <beam number="1">end</beam>
        <lyric default-y="-80" number="1">
          <syllabic>single</syllabic>
          <text>ニ</text>
        </lyric>
      </note>
      <note default-x="126">
        <pitch>
          <step>B</step>
          <octave>3</octave>
        </pitch>
        <duration>4</duration>
        <voice>1</voice>
        <type>eighth</type>
        <stem default-y="-20">up</stem>
        <beam number="1">begin</beam>
        <lyric default-y="-80" number="1">
          <syllabic>single</syllabic>
          <text>コン</text>
        </lyric>
      </note>
      <note default-x="181">
        <pitch>
          <step>B</step>
          <octave>3</octave>
        </pitch>
        <duration>2</duration>
        <voice>1</voice>
        <type>16th</type>
        <stem default-y="-20">up</stem>
        <beam number="1">continue</beam>
        <beam number="2">begin</beam>
        <lyric default-y="-80" number="1">
          <syllabic>single</syllabic>
          <text>コ</text>
        </lyric>
      </note>
      <note default-x="216">
        <pitch>
          <step>B</step>
          <octave>3</octave>
        </pitch>
        <duration>2</duration>
        <voice>1</voice>
        <type>16th</type>
        <stem default-y="-20">up</stem>
        <beam number="1">end</beam>
        <beam number="2">end</beam>
        <lyric default-y="-80" number="1">
          <syllabic>single</syllabic>
          <text>マ</text>
        </lyric>
      </note>
    </measure>
    <!--=======================================================-->
    <measure number="38" width="144">
      <note default-x="14">
        <pitch>
          <step>B</step>
          <octave>3</octave>
        </pitch>
        <duration>4</duration>
        <voice>1</voice>
        <type>eighth</type>
        <stem default-y="-20">up</stem>
        <beam number="1">begin</beam>
        <lyric default-y="-80" number="1">
          <syllabic>single</syllabic>
          <text>ヤ</text>
        </lyric>
      </note>
      <note default-x="49">
        <pitch>
          <step>D</step>
          <octave>4</octave>
        </pitch>
        <duration>4</duration>
        <voice>1</voice>
        <type>eighth</type>
        <stem default-y="-15">up</stem>
        <beam number="1">end</beam>
        <lyric default-y="-80" number="1">
          <syllabic>single</syllabic>
          <text>カ</text>
        </lyric>
      </note>
      <note default-x="85">
        <pitch>
          <step>E</step>
          <octave>4</octave>
        </pitch>
        <duration>8</duration>
        <voice>1</voice>
        <type>quarter</type>
        <stem default-y="-5">up</stem>
        <lyric default-y="-80" number="1">
          <syllabic>single</syllabic>
          <text>ニ</text>
        </lyric>
      </note>
    </measure>
    <!--=======================================================-->
    <measure number="39" width="120">
      <note default-x="10">
        <rest/>
        <duration>4</duration>
        <voice>1</voice>
        <type>eighth</type>
      </note>
      <note default-x="39">
        <pitch>
          <step>C</step>
          <octave>5</octave>
        </pitch>
        <duration>4</duration>
        <voice>1</voice>
        <type>eighth</type>
        <stem default-y="-49.5">down</stem>
        <notations>
          <slur number="1" placement="above" type="start"/>
        </notations>
        <lyric default-y="-80" number="1">
          <syllabic>single</syllabic>
          <text>ヒ</text>
        </lyric>
      </note>
      <note default-x="71">
        <pitch>
          <step>E</step>
          <octave>5</octave>
        </pitch>
        <duration>8</duration>
        <voice>1</voice>
        <type>quarter</type>
        <stem default-y="-40">down</stem>
        <notations>
          <slur number="1" type="stop"/>
        </notations>
        <lyric default-y="-80" number="1">
          <syllabic>single</syllabic>
          <text>イ</text>
        </lyric>
      </note>
    </measure>
    <!--=======================================================-->
    <measure number="40" width="150">
      <note default-x="10">
        <pitch>
          <step>C</step>
          <octave>5</octave>
        </pitch>
        <duration>4</duration>
        <voice>1</voice>
        <type>eighth</type>
        <stem default-y="-55">down</stem>
        <beam number="1">begin</beam>
        <lyric default-y="-80" number="1">
          <syllabic>single</syllabic>
          <text>テ</text>
          <extend/>
        </lyric>
      </note>
      <note default-x="45">
        <pitch>
          <step>B</step>
          <octave>4</octave>
        </pitch>
        <duration>4</duration>
        <voice>1</voice>
        <type>eighth</type>
        <stem default-y="-55">down</stem>
        <beam number="1">continue</beam>
      </note>
      <note default-x="79">
        <pitch>
          <step>A</step>
          <octave>4</octave>
        </pitch>
        <duration>4</duration>
        <voice>1</voice>
        <type>eighth</type>
        <stem default-y="-55">down</stem>
        <beam number="1">continue</beam>
      </note>
      <note default-x="113">
        <pitch>
          <step>B</step>
          <octave>4</octave>
        </pitch>
        <duration>4</duration>
        <voice>1</voice>
        <type>eighth</type>
        <stem default-y="-55">down</stem>
        <beam number="1">end</beam>
        <lyric default-y="-80" number="1">
          <syllabic>single</syllabic>
          <text>ウ</text>
        </lyric>
      </note>
    </measure>
    <!--=======================================================-->
    <measure number="41" width="123">
      <note default-x="10">
        <pitch>
          <step>C</step>
          <octave>5</octave>
        </pitch>
        <duration>4</duration>
        <voice>1</voice>
        <type>eighth</type>
        <stem default-y="-50">down</stem>
        <beam number="1">begin</beam>
        <notations>
          <slur number="1" placement="above" type="start"/>
        </notations>
        <lyric default-y="-80" number="1">
          <syllabic>single</syllabic>
          <text>ト</text>
          <extend/>
        </lyric>
      </note>
      <note default-x="45">
        <pitch>
          <step>A</step>
          <octave>4</octave>
        </pitch>
        <duration>4</duration>
        <voice>1</voice>
        <type>eighth</type>
        <stem default-y="-57">down</stem>
        <beam number="1">end</beam>
        <notations>
          <slur number="1" type="stop"/>
        </notations>
      </note>
      <note default-x="74">
        <pitch>
          <step>F</step>
          <octave>4</octave>
        </pitch>
        <duration>8</duration>
        <voice>1</voice>
        <type>quarter</type>
        <stem default-y="0">up</stem>
      </note>
    </measure>
    <!--=======================================================-->
    <measure number="42" width="222">
      <print new-system="yes"/>
      <note default-x="49">
        <pitch>
          <step>E</step>
          <octave>4</octave>
        </pitch>
        <duration>4</duration>
        <voice>1</voice>
        <type>eighth</type>
        <stem default-y="-7.5">up</stem>
        <beam number="1">begin</beam>
        <lyric default-y="-80" number="1">
          <syllabic>single</syllabic>
          <text>ヤ</text>
          <extend/>
        </lyric>
      </note>
      <note default-x="92">
        <pitch>
          <step>D</step>
          <octave>4</octave>
        </pitch>
        <duration>4</duration>
        <voice>1</voice>
        <type>eighth</type>
        <stem default-y="-3">up</stem>
        <beam number="1">continue</beam>
      </note>
      <note default-x="135">
        <pitch>
          <step>E</step>
          <octave>4</octave>
        </pitch>
        <duration>4</duration>
        <voice>1</voice>
        <type>eighth</type>
        <stem default-y="1">up</stem>
        <beam number="1">continue</beam>
      </note>
      <note default-x="177">
        <pitch>
          <step>A</step>
          <octave>4</octave>
        </pitch>
        <duration>4</duration>
        <voice>1</voice>
        <type>eighth</type>
        <stem default-y="5">up</stem>
        <beam number="1">end</beam>
        <lyric default-y="-80" number="1">
          <syllabic>single</syllabic>
          <text>シ</text>
        </lyric>
      </note>
    </measure>
    <!--=======================================================-->
    <measure number="43" width="124">
      <note default-x="10">
        <pitch>
          <step>F</step>
          <octave>4</octave>
        </pitch>
        <duration>12</duration>
        <voice>1</voice>
        <type>quarter</type>
        <dot/>
        <stem default-y="0">up</stem>
        <lyric default-y="-80" number="1">
          <syllabic>single</syllabic>
          <text>シ</text>
          <extend/>
        </lyric>
      </note>
      <note default-x="87">
        <pitch>
          <step>E</step>
          <octave>4</octave>
        </pitch>
        <duration>4</duration>
        <voice>1</voice>
        <type>eighth</type>
        <stem default-y="-5">up</stem>
      </note>
    </measure>
    <!--=======================================================-->
    <measure number="44" width="185">
      <note default-x="10">
        <pitch>
          <step>F</step>
          <octave>4</octave>
        </pitch>
        <duration>4</duration>
        <voice>1</voice>
        <type>eighth</type>
        <stem default-y="0">up</stem>
        <beam number="1">begin</beam>
        <lyric default-y="-80" number="1">
          <syllabic>single</syllabic>
          <text>ノ</text>
          <extend/>
        </lyric>
      </note>
      <note default-x="51">
        <pitch>
          <step>F</step>
          <octave>4</octave>
        </pitch>
        <duration>2</duration>
        <voice>1</voice>
        <type>16th</type>
        <stem default-y="0">up</stem>
        <beam number="1">continue</beam>
        <beam number="2">begin</beam>
      </note>
      <note default-x="76">
        <pitch>
          <step>F</step>
          <octave>4</octave>
        </pitch>
        <duration>2</duration>
        <voice>1</voice>
        <type>16th</type>
        <stem default-y="0">up</stem>
        <beam number="1">end</beam>
        <beam number="2">end</beam>
      </note>
      <note default-x="101">
        <pitch>
          <step>E</step>
          <octave>4</octave>
        </pitch>
        <duration>4</duration>
        <voice>1</voice>
        <type>eighth</type>
        <stem default-y="-7.5">up</stem>
        <beam number="1">begin</beam>
      </note>
      <note default-x="142">
        <pitch>
          <step>D</step>
          <octave>4</octave>
        </pitch>
        <duration>4</duration>
        <voice>1</voice>
        <type>eighth</type>
        <stem default-y="-10">up</stem>
        <beam number="1">end</beam>
      </note>
    </measure>
    <!--=======================================================-->
    <measure number="45" width="239">
      <note default-x="10">
        <pitch>
          <step>D</step>
          <octave>4</octave>
        </pitch>
        <duration>4</duration>
        <voice>1</voice>
        <type>eighth</type>
        <stem default-y="-10">up</stem>
        <beam number="1">begin</beam>
        <lyric default-y="-80" number="1">
          <syllabic>single</syllabic>
          <text>　</text>
        </lyric>
      </note>
      <note default-x="64">
        <pitch>
          <step>E</step>
          <octave>4</octave>
        </pitch>
        <duration>4</duration>
        <voice>1</voice>
        <type>eighth</type>
        <stem default-y="-7.5">up</stem>
        <beam number="1">end</beam>
      </note>
      <note default-x="112">
        <rest/>
        <duration>4</duration>
        <voice>1</voice>
        <type>eighth</type>
      </note>
      <note default-x="160">
        <pitch>
          <step>B</step>
          <octave>4</octave>
        </pitch>
        <duration>3</duration>
        <voice>1</voice>
        <type>16th</type>
        <dot/>
        <stem default-y="12.5">up</stem>
        <beam number="1">begin</beam>
        <beam number="2">begin</beam>
        <notations>
          <slur number="1" placement="below" type="start"/>
        </notations>
        <lyric default-y="-80" number="1">
          <syllabic>single</syllabic>
          <text>キョ</text>
          <extend/>
        </lyric>
      </note>
      <note default-x="215">
        <pitch>
          <step>A</step>
          <octave>4</octave>
        </pitch>
        <duration>1</duration>
        <voice>1</voice>
        <type>32nd</type>
        <stem default-y="10">up</stem>
        <beam number="1">end</beam>
        <beam number="2">end</beam>
        <beam number="3">backward hook</beam>
      </note>
    </measure>
    <!--=======================================================-->
    <measure number="46" width="120">
      <note default-x="10">
        <pitch>
          <step>F</step>
          <octave>4</octave>
        </pitch>
        <duration>8</duration>
        <voice>1</voice>
        <type>quarter</type>
        <stem default-y="0">up</stem>
        <notations>
          <slur number="1" type="stop"/>
        </notations>
      </note>
      <note default-x="64">
        <pitch>
          <step>F</step>
          <octave>4</octave>
        </pitch>
        <duration>8</duration>
        <voice>1</voice>
        <type>quarter</type>
        <stem default-y="0">up</stem>
        <notations>
          <slur number="1" placement="below" type="start"/>
        </notations>
        <lyric default-y="-80" number="1">
          <syllabic>single</syllabic>
          <text>ク</text>
          <extend/>
        </lyric>
      </note>
    </measure>
    <!--=======================================================-->
    <measure number="47" width="119">
      <note default-x="10">
        <pitch>
          <step>E</step>
          <octave>4</octave>
        </pitch>
        <duration>8</duration>
        <voice>1</voice>
        <type>quarter</type>
        <stem default-y="-5">up</stem>
        <notations>
          <slur number="1" type="stop"/>
        </notations>
      </note>
      <note default-x="60">
        <rest/>
        <duration>8</duration>
        <voice>1</voice>
        <type>quarter</type>
      </note>
      <barline location="right">
        <bar-style>light-heavy</bar-style>
      </barline>
    </measure>
  </part>
  <!--=========================================================-->
</score-partwise>
